Datei;Variable;Mittelwert;Median;Standardabweichung;Minimalwert;Maximalwert;RMS;Anzahl_Werte
Results_File_5_TOP_1.mat;Data[0].Time;3.9998;3.9998;2.3094010738717516;0.0;7.9996;4.618628948075392;20000
Results_File_5_TOP_1.mat;Data[0].ModelsData[0].Model1[0].Tower[0].FA;-4.148842768504134;-4.135772066731689;2.755823216702249;-8.21438559889795;-0.12442443447725618;4.980708576044595;2000
Results_File_5_TOP_1.mat;Data[0].ModelsData[0].Model1[0].Tower[0].SS;1.4441067054104655;1.4343016599455216;1.6551441956158914;-0.9875984527170603;3.8666338151501254;2.196576082199851;2000
Results_File_5_TOP_1.mat;Data[0].ModelsData[0].Model1[0].RotorSpeed;709.0152663215664;708.9747580215276;0.5917962158508588;706.8271419151531;711.3428332724179;709.015513299817;2000
Results_File_5_TOP_1.mat;Data[0].ModelsData[0].Model1[0].PitotVelocity;3.994012601816727;3.993789385884038;0.014786582094169975;3.946613604022611;4.039708122611046;3.9940399730699796;2000
Results_File_5_TOP_1.mat;Data[0].ModelsData[0].Model1[0].Pitch[0].Blade1;0.3993149995803833;0.3993149995803833;0.0;0.3993149995803833;0.3993149995803833;0.3993149995803833;2000
Results_File_5_TOP_1.mat;Data[0].ModelsData[0].Model1[0].Pitch[0].Blade1Dem;0.4000000059604645;0.4000000059604645;0.0;0.4000000059604645;0.4000000059604645;0.40000000596046453;2000
Results_File_5_TOP_1.mat;Data[0].ModelsData[0].Model1[0].Pitch[0].Blade2;0.3991750180721283;0.3991750180721283;0.0;0.3991750180721283;0.3991750180721283;0.39917501807212835;2000
Results_File_5_TOP_1.mat;Data[0].ModelsData[0].Model1[0].Pitch[0].Blade2Dem;0.4000000059604645;0.4000000059604645;0.0;0.4000000059604645;0.4000000059604645;0.40000000596046453;2000
Results_File_5_TOP_1.mat;Data[0].ModelsData[0].Model1[0].Pitch[0].Blade3;0.39368000626564026;0.39368000626564026;0.0;0.39368000626564026;0.39368000626564026;0.3936800062656403;2000
Results_File_5_TOP_1.mat;Data[0].ModelsData[0].Model1[0].Pitch[0].Blade3Dem;0.4000000059604645;0.4000000059604645;0.0;0.4000000059604645;0.4000000059604645;0.40000000596046453;2000
Results_File_5_TOP_1.mat;Data[0].ModelsData[0].Model1[0].Yaw;-28.799999237060547;-28.799999237060547;0.0;-28.799999237060547;-28.799999237060547;28.799999237060547;2000
Results_File_5_TOP_1.mat;Data[0].ModelsData[0].Model1[0].YawDem;-30.0;-30.0;0.0;-30.0;-30.0;30.0;2000
Results_File_5_TOP_1.mat;Data[0].ModelsData[0].Model1[0].PitotDirection;0.006195068359375;0.006195068359375;0.0;0.006195068359375;0.006195068359375;0.006195068359375;2000
Results_File_5_TOP_1.mat;Data[0].ModelsData[0].Model1[0].Hub[0].Yawing;158.14465947341913;156.1890640258698;902.5613465612024;-1205.3599853515625;1484.224975585934;916.3114741322049;20000
Results_File_5_TOP_1.mat;Data[0].ModelsData[0].Model1[0].Hub[0].Nodding;219.76416072727838;209.6248321533248;347.27988755288527;-531.1613566080723;908.3778991699251;410.97397318919076;20000
Results_File_5_TOP_1.mat;Data[0].ModelsData[0].Model1[0].Hub[0].Torque;65.69673287820478;65.7252584941435;4.907920573627007;45.30631068773615;83.36102222571733;65.8798026350051;20000
Results_File_5_TOP_1.mat;Data[0].ModelsData[0].Model1[0].Azimuth;179.8243428757093;179.80073992411326;104.11079462487022;0.026498476664528425;359.9829988479614;207.78799736294337;20000
Results_File_5_TOP_1.mat;Data[0].ModelsData[0].Model1[0].PowerReference[0].Rel;100.0;100.0;0.0;100.0;100.0;100.0;1000
Results_File_5_TOP_1.mat;Data[0].ModelsData[0].Model1[0].PowerReference[0].Abs;46.0;46.0;0.0;46.0;46.0;46.0;1000
Results_File_5_TOP_1.mat;Data[0].ModelsData[0].Model1[0].AirDensity;1.1299999952316284;1.1299999952316284;0.0;1.1299999952316284;1.1299999952316284;1.1299999952316284;1000
Results_File_5_TOP_1.mat;Data[0].RecordingStart;nan;nan;nan;nan;nan;nan;1
Results_File_5_TOP_1.mat;Data[0].TN;nan;nan;nan;nan;nan;nan;1
Results_File_5_TOP_10.mat;Data[0].Time;3.9998;3.9998;2.3094010738717516;0.0;7.9996;4.618628948075392;20000
Results_File_5_TOP_10.mat;Data[0].ModelsData[0].Model1[0].Tower[0].FA;-4.3616418883729615;-4.2811738488174065;0.9310273152667852;-5.891822814941406;-2.9904545391759605;4.459902669810466;2000
Results_File_5_TOP_10.mat;Data[0].ModelsData[0].Model1[0].Tower[0].SS;-1.5157776327793515;-1.4902525217302256;1.0063084059838407;-3.140813365578656;0.08107712961011444;1.8194060679210435;2000
Results_File_5_TOP_10.mat;Data[0].ModelsData[0].Model1[0].RotorSpeed;782.9793449567139;782.9823126650936;0.2036698629561329;782.1628492327209;783.7258760595844;782.9793714461817;2000
Results_File_5_TOP_10.mat;Data[0].ModelsData[0].Model1[0].PitotVelocity;4.045667025512985;4.045880732997771;0.01451433713329274;3.9989554062485686;4.098597065094979;4.045693061430328;2000
Results_File_5_TOP_10.mat;Data[0].ModelsData[0].Model1[0].Pitch[0].Blade1;0.3993149995803833;0.3993149995803833;0.0;0.3993149995803833;0.3993149995803833;0.3993149995803833;2000
Results_File_5_TOP_10.mat;Data[0].ModelsData[0].Model1[0].Pitch[0].Blade1Dem;0.4000000059604645;0.4000000059604645;0.0;0.4000000059604645;0.4000000059604645;0.40000000596046453;2000
Results_File_5_TOP_10.mat;Data[0].ModelsData[0].Model1[0].Pitch[0].Blade2;0.3991750180721283;0.3991750180721283;0.0;0.3991750180721283;0.3991750180721283;0.39917501807212835;2000
Results_File_5_TOP_10.mat;Data[0].ModelsData[0].Model1[0].Pitch[0].Blade2Dem;0.4000000059604645;0.4000000059604645;0.0;0.4000000059604645;0.4000000059604645;0.40000000596046453;2000
Results_File_5_TOP_10.mat;Data[0].ModelsData[0].Model1[0].Pitch[0].Blade3;0.39368000626564026;0.39368000626564026;0.0;0.39368000626564026;0.39368000626564026;0.3936800062656403;2000
Results_File_5_TOP_10.mat;Data[0].ModelsData[0].Model1[0].Pitch[0].Blade3Dem;0.4000000059604645;0.4000000059604645;0.0;0.4000000059604645;0.4000000059604645;0.40000000596046453;2000
Results_File_5_TOP_10.mat;Data[0].ModelsData[0].Model1[0].Yaw;30.514340955327594;30.511087048438288;0.024308470949164437;30.4739990234375;30.55499839782715;30.514350637687556;2000
Results_File_5_TOP_10.mat;Data[0].ModelsData[0].Model1[0].YawDem;30.0;30.0;0.0;30.0;30.0;30.0;2000
Results_File_5_TOP_10.mat;Data[0].ModelsData[0].Model1[0].PitotDirection;0.006195068359375;0.006195068359375;0.0;0.006195068359375;0.006195068359375;0.006195068359375;2000
Results_File_5_TOP_10.mat;Data[0].ModelsData[0].Model1[0].Hub[0].Yawing;218.58891026233024;139.52405293782698;879.0718835903945;-1057.04506429037;1627.5206705729079;905.8413151368385;20000
Results_File_5_TOP_10.mat;Data[0].ModelsData[0].Model1[0].Hub[0].Nodding;1179.437371686109;1152.8309148152682;225.2484651341721;677.6791915893555;1664.0485229492178;1200.7536736463217;20000
Results_File_5_TOP_10.mat;Data[0].ModelsData[0].Model1[0].Hub[0].Torque;32.41872570264343;32.43042680293951;3.724255443389691;19.699026019135726;45.20631867708551;32.63194531116482;20000
Results_File_5_TOP_10.mat;Data[0].ModelsData[0].Model1[0].Azimuth;180.01526865940093;180.1809908549003;103.7481011922483;0.0009980201721191406;359.9680013656616;207.7719072721654;20000
Results_File_5_TOP_10.mat;Data[0].ModelsData[0].Model1[0].PowerReference[0].Rel;100.0;100.0;0.0;100.0;100.0;100.0;1000
Results_File_5_TOP_10.mat;Data[0].ModelsData[0].Model1[0].PowerReference[0].Abs;46.0;46.0;0.0;46.0;46.0;46.0;1000
Results_File_5_TOP_10.mat;Data[0].ModelsData[0].Model1[0].AirDensity;1.1299999952316284;1.1299999952316284;0.0;1.1299999952316284;1.1299999952316284;1.1299999952316284;1000
Results_File_5_TOP_10.mat;Data[0].RecordingStart;nan;nan;nan;nan;nan;nan;1
Results_File_5_TOP_10.mat;Data[0].TN;nan;nan;nan;nan;nan;nan;1
Results_File_5_TOP_11.mat;Data[0].Time;3.9998;3.9998;2.3094010738717516;0.0;7.9996;4.618628948075392;20000
Results_File_5_TOP_11.mat;Data[0].ModelsData[0].Model1[0].Tower[0].FA;-5.616169841330799;-5.59673958313807;2.6918113924914575;-9.564233595325097;-1.7029333114624037;6.227938042355624;2000
Results_File_5_TOP_11.mat;Data[0].ModelsData[0].Model1[0].Tower[0].SS;2.3159387991509788;2.3083822419566444;1.5457304162930452;-0.031079933047297646;4.637380599975586;2.7843949147465326;2000
Results_File_5_TOP_11.mat;Data[0].ModelsData[0].Model1[0].RotorSpeed;708.9849331884354;708.9588620678667;0.23815238924960022;708.4645658369079;709.821526741816;708.9849731868586;2000
Results_File_5_TOP_11.mat;Data[0].ModelsData[0].Model1[0].PitotVelocity;4.584812169884301;4.584633029276325;0.014222621586270825;4.53269673931983;4.636139154434204;4.58483422994594;2000
Results_File_5_TOP_11.mat;Data[0].ModelsData[0].Model1[0].Pitch[0].Blade1;0.3993149995803833;0.3993149995803833;0.0;0.3993149995803833;0.3993149995803833;0.3993149995803833;2000
Results_File_5_TOP_11.mat;Data[0].ModelsData[0].Model1[0].Pitch[0].Blade1Dem;0.4000000059604645;0.4000000059604645;0.0;0.4000000059604645;0.4000000059604645;0.40000000596046453;2000
Results_File_5_TOP_11.mat;Data[0].ModelsData[0].Model1[0].Pitch[0].Blade2;0.3991750180721283;0.3991750180721283;0.0;0.3991750180721283;0.3991750180721283;0.39917501807212835;2000
Results_File_5_TOP_11.mat;Data[0].ModelsData[0].Model1[0].Pitch[0].Blade2Dem;0.4000000059604645;0.4000000059604645;0.0;0.4000000059604645;0.4000000059604645;0.40000000596046453;2000
Results_File_5_TOP_11.mat;Data[0].ModelsData[0].Model1[0].Pitch[0].Blade3;0.39368000626564026;0.39368000626564026;0.0;0.39368000626564026;0.39368000626564026;0.3936800062656403;2000
Results_File_5_TOP_11.mat;Data[0].ModelsData[0].Model1[0].Pitch[0].Blade3Dem;0.4000000059604645;0.4000000059604645;0.0;0.4000000059604645;0.4000000059604645;0.40000000596046453;2000
Results_File_5_TOP_11.mat;Data[0].ModelsData[0].Model1[0].Yaw;-28.804381560164114;-28.800579809373424;0.004460526990297105;-28.808998107910156;-28.799999237060547;28.80438190553346;2000
Results_File_5_TOP_11.mat;Data[0].ModelsData[0].Model1[0].YawDem;-30.0;-30.0;0.0;-30.0;-30.0;30.0;2000
Results_File_5_TOP_11.mat;Data[0].ModelsData[0].Model1[0].PitotDirection;0.006195068359375;0.006195068359375;0.0;0.006195068359375;0.006195068359375;0.006195068359375;2000
Results_File_5_TOP_11.mat;Data[0].ModelsData[0].Model1[0].Hub[0].Yawing;110.91614755217238;96.70489501953016;883.5489920094476;-1274.7866821288999;1462.85343933105;890.4836961274059;20000
Results_File_5_TOP_11.mat;Data[0].ModelsData[0].Model1[0].Hub[0].Nodding;1266.5638562439601;1260.5917981465695;428.7900059682615;-3052.8864746094405;2584.796874999991;1337.1779504470724;20000
Results_File_5_TOP_11.mat;Data[0].ModelsData[0].Model1[0].Hub[0].Torque;169.84114492432874;169.83412939444156;3.144048214770646;158.90918038501334;180.97046265889264;169.87024326933673;20000
Results_File_5_TOP_11.mat;Data[0].ModelsData[0].Model1[0].Azimuth;180.2879712870003;180.5447460810392;104.06506407636552;0.0040105183943524025;359.97398340702057;208.16649622838037;20000
Results_File_5_TOP_11.mat;Data[0].ModelsData[0].Model1[0].PowerReference[0].Rel;100.0;100.0;0.0;100.0;100.0;100.0;1000
Results_File_5_TOP_11.mat;Data[0].ModelsData[0].Model1[0].PowerReference[0].Abs;46.0;46.0;0.0;46.0;46.0;46.0;1000
Results_File_5_TOP_11.mat;Data[0].ModelsData[0].Model1[0].AirDensity;1.1299999952316284;1.1299999952316284;0.0;1.1299999952316284;1.1299999952316284;1.1299999952316284;1000
Results_File_5_TOP_11.mat;Data[0].RecordingStart;nan;nan;nan;nan;nan;nan;1
Results_File_5_TOP_11.mat;Data[0].TN;nan;nan;nan;nan;nan;nan;1
Results_File_5_TOP_12.mat;Data[0].Time;3.9998;3.9998;2.3094010738717516;0.0;7.9996;4.618628948075392;20000
Results_File_5_TOP_12.mat;Data[0].ModelsData[0].Model1[0].Tower[0].FA;-7.555086910704752;-7.5235747714196375;1.8299891522937486;-10.419648078180122;-4.764590882485907;7.773557649224393;2000
Results_File_5_TOP_12.mat;Data[0].ModelsData[0].Model1[0].Tower[0].SS;0.22750623603597733;0.24770857057270265;1.6280565153238988;-2.2885952144861195;2.6721946827826857;1.6438756353580566;2000
Results_File_5_TOP_12.mat;Data[0].ModelsData[0].Model1[0].RotorSpeed;708.9794466859798;708.9433130154296;0.2223738761942202;708.5343388888776;709.7931550232834;708.9794815601499;2000
Results_File_5_TOP_12.mat;Data[0].ModelsData[0].Model1[0].PitotVelocity;4.545257362435362;4.544862399178166;0.013847229925863135;4.5019219806117405;4.589226722717284;4.545278455336865;2000
Results_File_5_TOP_12.mat;Data[0].ModelsData[0].Model1[0].Pitch[0].Blade1;0.3993149995803833;0.3993149995803833;0.0;0.3993149995803833;0.3993149995803833;0.3993149995803833;2000
Results_File_5_TOP_12.mat;Data[0].ModelsData[0].Model1[0].Pitch[0].Blade1Dem;0.4000000059604645;0.4000000059604645;0.0;0.4000000059604645;0.4000000059604645;0.40000000596046453;2000
Results_File_5_TOP_12.mat;Data[0].ModelsData[0].Model1[0].Pitch[0].Blade2;0.3991750180721283;0.3991750180721283;0.0;0.3991750180721283;0.3991750180721283;0.39917501807212835;2000
Results_File_5_TOP_12.mat;Data[0].ModelsData[0].Model1[0].Pitch[0].Blade2Dem;0.4000000059604645;0.4000000059604645;0.0;0.4000000059604645;0.4000000059604645;0.40000000596046453;2000
Results_File_5_TOP_12.mat;Data[0].ModelsData[0].Model1[0].Pitch[0].Blade3;0.39368000626564026;0.39368000626564026;0.0;0.39368000626564026;0.39368000626564026;0.3936800062656403;2000
Results_File_5_TOP_12.mat;Data[0].ModelsData[0].Model1[0].Pitch[0].Blade3Dem;0.4000000059604645;0.4000000059604645;0.0;0.4000000059604645;0.4000000059604645;0.40000000596046453;2000
Results_File_5_TOP_12.mat;Data[0].ModelsData[0].Model1[0].Yaw;1.0706760831763968;1.0709999799728394;0.0016584552196663293;1.0619999170303345;1.0709999799728394;1.0706773676321295;2000
Results_File_5_TOP_12.mat;Data[0].ModelsData[0].Model1[0].YawDem;0.0;0.0;0.0;0.0;0.0;0.0;2000
Results_File_5_TOP_12.mat;Data[0].ModelsData[0].Model1[0].PitotDirection;0.006195068359375;0.006195068359375;0.0;0.006195068359375;0.006195068359375;0.006195068359375;2000
Results_File_5_TOP_12.mat;Data[0].ModelsData[0].Model1[0].Hub[0].Yawing;52.1341239280065;23.074035644507855;890.4628184058136;-1369.924641927025;1465.0282592773515;891.9876668659525;20000
Results_File_5_TOP_12.mat;Data[0].ModelsData[0].Model1[0].Hub[0].Nodding;697.0683702282273;701.2542597452803;670.2840371402989;-6050.060180663921;3303.8087361653643;967.0496384455839;20000
Results_File_5_TOP_12.mat;Data[0].ModelsData[0].Model1[0].Hub[0].Torque;278.13879615340056;278.2273332988883;3.071198962401646;268.31888323106386;286.6782848541333;278.1557516729244;20000
Results_File_5_TOP_12.mat;Data[0].ModelsData[0].Model1[0].Azimuth;179.60786663232656;179.448237737015;104.0297697296153;0.0009975433349609375;359.9919980366976;207.56006057575814;20000
Results_File_5_TOP_12.mat;Data[0].ModelsData[0].Model1[0].PowerReference[0].Rel;100.0;100.0;0.0;100.0;100.0;100.0;1000
Results_File_5_TOP_12.mat;Data[0].ModelsData[0].Model1[0].PowerReference[0].Abs;46.0;46.0;0.0;46.0;46.0;46.0;1000
Results_File_5_TOP_12.mat;Data[0].ModelsData[0].Model1[0].AirDensity;1.1299999952316284;1.1299999952316284;0.0;1.1299999952316284;1.1299999952316284;1.1299999952316284;1000
Results_File_5_TOP_12.mat;Data[0].RecordingStart;nan;nan;nan;nan;nan;nan;1
Results_File_5_TOP_12.mat;Data[0].TN;nan;nan;nan;nan;nan;nan;1
Results_File_5_TOP_13.mat;Data[0].Time;3.9998;3.9998;2.3094010738717516;0.0;7.9996;4.618628948075392;20000
Results_File_5_TOP_13.mat;Data[0].ModelsData[0].Model1[0].Tower[0].FA;-5.798715314007153;-5.796927252784387;1.568054526098363;-8.097011708444162;-3.5788329955070264;6.0069871224865;2000
Results_File_5_TOP_13.mat;Data[0].ModelsData[0].Model1[0].Tower[0].SS;-2.0800929290946097;-2.0868799557848714;1.7290240391899852;-4.6735231107281265;0.4380488395690843;2.7048679675293292;2000
Results_File_5_TOP_13.mat;Data[0].ModelsData[0].Model1[0].RotorSpeed;708.9877467521038;708.9645894938024;0.21219308758172123;708.5333534207288;709.7259938788375;708.9877785057594;2000
Results_File_5_TOP_13.mat;Data[0].ModelsData[0].Model1[0].PitotVelocity;4.577125268380789;4.577320385724306;0.01357303238827173;4.531932480633259;4.619225695729256;4.57714539310891;2000
Results_File_5_TOP_13.mat;Data[0].ModelsData[0].Model1[0].Pitch[0].Blade1;0.3993149995803833;0.3993149995803833;0.0;0.3993149995803833;0.3993149995803833;0.3993149995803833;2000
Results_File_5_TOP_13.mat;Data[0].ModelsData[0].Model1[0].Pitch[0].Blade1Dem;0.4000000059604645;0.4000000059604645;0.0;0.4000000059604645;0.4000000059604645;0.40000000596046453;2000
Results_File_5_TOP_13.mat;Data[0].ModelsData[0].Model1[0].Pitch[0].Blade2;0.3991750180721283;0.3991750180721283;0.0;0.3991750180721283;0.3991750180721283;0.39917501807212835;2000
Results_File_5_TOP_13.mat;Data[0].ModelsData[0].Model1[0].Pitch[0].Blade2Dem;0.4000000059604645;0.4000000059604645;0.0;0.4000000059604645;0.4000000059604645;0.40000000596046453;2000
Results_File_5_TOP_13.mat;Data[0].ModelsData[0].Model1[0].Pitch[0].Blade3;0.39368000626564026;0.39368000626564026;0.0;0.39368000626564026;0.39368000626564026;0.3936800062656403;2000
Results_File_5_TOP_13.mat;Data[0].ModelsData[0].Model1[0].Pitch[0].Blade3Dem;0.4000000059604645;0.4000000059604645;0.0;0.4000000059604645;0.4000000059604645;0.40000000596046453;2000
Results_File_5_TOP_13.mat;Data[0].ModelsData[0].Model1[0].Yaw;30.46888468157548;30.46549725051849;0.016735428329315218;30.446998596191406;30.49199867248535;30.468889277650185;2000
Results_File_5_TOP_13.mat;Data[0].ModelsData[0].Model1[0].YawDem;30.0;30.0;0.0;30.0;30.0;30.0;2000
Results_File_5_TOP_13.mat;Data[0].ModelsData[0].Model1[0].PitotDirection;0.006195068359375;0.006195068359375;0.0;0.006195068359375;0.006195068359375;0.006195068359375;2000
Results_File_5_TOP_13.mat;Data[0].ModelsData[0].Model1[0].Hub[0].Yawing;91.29102063115435;48.5728759765625;893.3839530868307;-1245.2318115234375;1518.8113403320303;898.0361563327674;20000
Results_File_5_TOP_13.mat;Data[0].ModelsData[0].Model1[0].Hub[0].Nodding;707.2784526397387;708.2282079060842;143.58661820206478;215.71102905273312;1080.6939849853559;721.7062605348304;20000
Results_File_5_TOP_13.mat;Data[0].ModelsData[0].Model1[0].Hub[0].Torque;174.81018800209364;174.72024572517137;3.1295599579953377;162.83609157039217;187.34447144477852;174.83819941551104;20000
Results_File_5_TOP_13.mat;Data[0].ModelsData[0].Model1[0].Azimuth;179.79865108520204;179.7399918238334;104.10769989005735;0.014510154724121094;359.99499797821045;207.76421277124814;20000
Results_File_5_TOP_13.mat;Data[0].ModelsData[0].Model1[0].PowerReference[0].Rel;100.0;100.0;0.0;100.0;100.0;100.0;1000
Results_File_5_TOP_13.mat;Data[0].ModelsData[0].Model1[0].PowerReference[0].Abs;46.0;46.0;0.0;46.0;46.0;46.0;1000
Results_File_5_TOP_13.mat;Data[0].ModelsData[0].Model1[0].AirDensity;1.1299999952316284;1.1299999952316284;0.0;1.1299999952316284;1.1299999952316284;1.1299999952316284;1000
Results_File_5_TOP_13.mat;Data[0].RecordingStart;nan;nan;nan;nan;nan;nan;1
Results_File_5_TOP_13.mat;Data[0].TN;nan;nan;nan;nan;nan;nan;1
Results_File_5_TOP_14.mat;Data[0].Time;3.9998;3.9998;2.3094010738717516;0.0;7.9996;4.618628948075392;20000
Results_File_5_TOP_14.mat;Data[0].ModelsData[0].Model1[0].Tower[0].FA;-5.512953753415615;-5.49270962130643;1.5894075451862504;-7.945447906371097;-3.1047856461617402;5.737497314334387;2000
Results_File_5_TOP_14.mat;Data[0].ModelsData[0].Model1[0].Tower[0].SS;2.3014109835939847;2.3142585639030933;1.0423603121137341;0.679341681301608;3.865314510560801;2.526461465306145;2000
Results_File_5_TOP_14.mat;Data[0].ModelsData[0].Model1[0].RotorSpeed;751.9858904612144;751.9590245552345;0.40167583663351286;751.0981441172834;753.0374818606343;751.9859977394681;2000
Results_File_5_TOP_14.mat;Data[0].ModelsData[0].Model1[0].PitotVelocity;4.5846559739002295;4.584482242984157;0.013155829872187353;4.548018224777712;4.63802057696927;4.584674849417207;2000
Results_File_5_TOP_14.mat;Data[0].ModelsData[0].Model1[0].Pitch[0].Blade1;0.3993149995803833;0.3993149995803833;0.0;0.3993149995803833;0.3993149995803833;0.3993149995803833;2000
Results_File_5_TOP_14.mat;Data[0].ModelsData[0].Model1[0].Pitch[0].Blade1Dem;0.4000000059604645;0.4000000059604645;0.0;0.4000000059604645;0.4000000059604645;0.40000000596046453;2000
Results_File_5_TOP_14.mat;Data[0].ModelsData[0].Model1[0].Pitch[0].Blade2;0.3991750180721283;0.3991750180721283;0.0;0.3991750180721283;0.3991750180721283;0.39917501807212835;2000
Results_File_5_TOP_14.mat;Data[0].ModelsData[0].Model1[0].Pitch[0].Blade2Dem;0.4000000059604645;0.4000000059604645;0.0;0.4000000059604645;0.4000000059604645;0.40000000596046453;2000
Results_File_5_TOP_14.mat;Data[0].ModelsData[0].Model1[0].Pitch[0].Blade3;0.39368000626564026;0.39368000626564026;0.0;0.39368000626564026;0.39368000626564026;0.3936800062656403;2000
Results_File_5_TOP_14.mat;Data[0].ModelsData[0].Model1[0].Pitch[0].Blade3Dem;0.4000000059604645;0.4000000059604645;0.0;0.4000000059604645;0.4000000059604645;0.40000000596046453;2000
Results_File_5_TOP_14.mat;Data[0].ModelsData[0].Model1[0].Yaw;-29.793589652897847;-29.78999900817871;0.004356919598634652;-29.79899787902832;-29.78999900817871;29.793589971468865;2000
Results_File_5_TOP_14.mat;Data[0].ModelsData[0].Model1[0].YawDem;-30.0;-30.0;0.0;-30.0;-30.0;30.0;2000
Results_File_5_TOP_14.mat;Data[0].ModelsData[0].Model1[0].PitotDirection;0.006195068359375;0.006195068359375;0.0;0.006195068359375;0.006195068359375;0.006195068359375;2000
Results_File_5_TOP_14.mat;Data[0].ModelsData[0].Model1[0].Hub[0].Yawing;157.7589375363986;174.07650756835127;896.5403584925169;-1200.9897054036458;1509.8024546305355;910.3145043217229;20000
Results_File_5_TOP_14.mat;Data[0].ModelsData[0].Model1[0].Hub[0].Nodding;1002.7153845277786;1007.3043746948225;187.70790031573932;501.32631429036377;1474.7395629882812;1020.1335197951465;20000
Results_File_5_TOP_14.mat;Data[0].ModelsData[0].Model1[0].Hub[0].Torque;135.50788548133747;135.49492765830507;3.198491447585053;125.3117101081295;146.05249630354206;135.54562838824256;20000
Results_File_5_TOP_14.mat;Data[0].ModelsData[0].Model1[0].Azimuth;180.2909003662507;180.36699040730764;104.062259255298;0.03400230407714844;359.9904996554069;208.16763090401494;20000
Results_File_5_TOP_14.mat;Data[0].ModelsData[0].Model1[0].PowerReference[0].Rel;100.0;100.0;0.0;100.0;100.0;100.0;1000
Results_File_5_TOP_14.mat;Data[0].ModelsData[0].Model1[0].PowerReference[0].Abs;46.0;46.0;0.0;46.0;46.0;46.0;1000
Results_File_5_TOP_14.mat;Data[0].ModelsData[0].Model1[0].AirDensity;1.1299999952316284;1.1299999952316284;0.0;1.1299999952316284;1.1299999952316284;1.1299999952316284;1000
Results_File_5_TOP_14.mat;Data[0].RecordingStart;nan;nan;nan;nan;nan;nan;1
Results_File_5_TOP_14.mat;Data[0].TN;nan;nan;nan;nan;nan;nan;1
Results_File_5_TOP_15.mat;Data[0].Time;3.9998;3.9998;2.3094010738717516;0.0;7.9996;4.618628948075392;20000
Results_File_5_TOP_15.mat;Data[0].ModelsData[0].Model1[0].Tower[0].FA;-7.675284833523836;-7.651629536382673;1.161401776091683;-9.589857270640712;-5.839672703896804;7.762657493489581;2000
Results_File_5_TOP_15.mat;Data[0].ModelsData[0].Model1[0].Tower[0].SS;0.24195124517351213;0.2684463243329771;1.059852306332477;-1.6813502350161573;2.0687778899746463;1.0871188142421615;2000
Results_File_5_TOP_15.mat;Data[0].ModelsData[0].Model1[0].RotorSpeed;752.0368830125276;752.0313089255783;0.3819728336280821;750.9685339201756;753.1538268664184;752.0369800179002;2000
Results_File_5_TOP_15.mat;Data[0].ModelsData[0].Model1[0].PitotVelocity;4.546605780150081;4.546705376717352;0.013677641669273953;4.499722927808762;4.592195510864258;4.546626353459866;2000
Results_File_5_TOP_15.mat;Data[0].ModelsData[0].Model1[0].Pitch[0].Blade1;0.3993149995803833;0.3993149995803833;0.0;0.3993149995803833;0.3993149995803833;0.3993149995803833;2000
Results_File_5_TOP_15.mat;Data[0].ModelsData[0].Model1[0].Pitch[0].Blade1Dem;0.4000000059604645;0.4000000059604645;0.0;0.4000000059604645;0.4000000059604645;0.40000000596046453;2000
Results_File_5_TOP_15.mat;Data[0].ModelsData[0].Model1[0].Pitch[0].Blade2;0.3991750180721283;0.3991750180721283;0.0;0.3991750180721283;0.3991750180721283;0.39917501807212835;2000
Results_File_5_TOP_15.mat;Data[0].ModelsData[0].Model1[0].Pitch[0].Blade2Dem;0.4000000059604645;0.4000000059604645;0.0;0.4000000059604645;0.4000000059604645;0.40000000596046453;2000
Results_File_5_TOP_15.mat;Data[0].ModelsData[0].Model1[0].Pitch[0].Blade3;0.39368000626564026;0.39368000626564026;0.0;0.39368000626564026;0.39368000626564026;0.3936800062656403;2000
Results_File_5_TOP_15.mat;Data[0].ModelsData[0].Model1[0].Pitch[0].Blade3Dem;0.4000000059604645;0.4000000059604645;0.0;0.4000000059604645;0.4000000059604645;0.40000000596046453;2000
Results_File_5_TOP_15.mat;Data[0].ModelsData[0].Model1[0].Yaw;0.5479829478026143;0.5489999651908875;0.0028008828538569636;0.5399999618530273;0.5489999651908875;0.547990105774916;2000
Results_File_5_TOP_15.mat;Data[0].ModelsData[0].Model1[0].YawDem;0.0;0.0;0.0;0.0;0.0;0.0;2000
Results_File_5_TOP_15.mat;Data[0].ModelsData[0].Model1[0].PitotDirection;0.006195068359375;0.006195068359375;0.0;0.006195068359375;0.006195068359375;0.006195068359375;2000
Results_File_5_TOP_15.mat;Data[0].ModelsData[0].Model1[0].Hub[0].Yawing;86.95126849517817;69.75948333739854;894.483268354688;-1280.2296142578161;1506.5897623697929;898.6995273501624;20000
Results_File_5_TOP_15.mat;Data[0].ModelsData[0].Model1[0].Hub[0].Nodding;958.0887665392559;936.0624491373677;209.57486059213605;532.1686579386405;1517.4742431640625;980.7424263082156;20000
Results_File_5_TOP_15.mat;Data[0].ModelsData[0].Model1[0].Hub[0].Torque;248.21620176740652;248.18536524279682;4.222945000381969;171.5577738907072;267.6012801185445;248.25212201371838;20000
Results_File_5_TOP_15.mat;Data[0].ModelsData[0].Model1[0].Azimuth;180.25203709046255;180.27548599243175;104.08691091426248;0.02049589157286391;359.988998730978;208.14629926793103;20000
Results_File_5_TOP_15.mat;Data[0].ModelsData[0].Model1[0].PowerReference[0].Rel;100.0;100.0;0.0;100.0;100.0;100.0;1000
Results_File_5_TOP_15.mat;Data[0].ModelsData[0].Model1[0].PowerReference[0].Abs;46.0;46.0;0.0;46.0;46.0;46.0;1000
Results_File_5_TOP_15.mat;Data[0].ModelsData[0].Model1[0].AirDensity;1.1299999952316284;1.1299999952316284;0.0;1.1299999952316284;1.1299999952316284;1.1299999952316284;1000
Results_File_5_TOP_15.mat;Data[0].RecordingStart;nan;nan;nan;nan;nan;nan;1
Results_File_5_TOP_15.mat;Data[0].TN;nan;nan;nan;nan;nan;nan;1
Results_File_5_TOP_16.mat;Data[0].Time;3.9998;3.9998;2.3094010738717516;0.0;7.9996;4.618628948075392;20000
Results_File_5_TOP_16.mat;Data[0].ModelsData[0].Model1[0].Tower[0].FA;-5.817885206021188;-5.810794264198316;0.8680889829623182;-7.22452190145851;-4.519685053056287;5.882292644265563;2000
Results_File_5_TOP_16.mat;Data[0].ModelsData[0].Model1[0].Tower[0].SS;-2.1175521723171387;-2.0839641466136007;1.1818683624844908;-3.994158206447505;-0.3055236570296788;2.4250443354146753;2000
Results_File_5_TOP_16.mat;Data[0].ModelsData[0].Model1[0].RotorSpeed;752.0209967650657;751.9976439420013;0.4017562495308043;751.1332939506399;752.9922770631114;752.0211040812663;2000
Results_File_5_TOP_16.mat;Data[0].ModelsData[0].Model1[0].PitotVelocity;4.5794484046023465;4.579619281654876;0.01371016291177328;4.532356554462064;4.623643044502505;4.579468927613991;2000
Results_File_5_TOP_16.mat;Data[0].ModelsData[0].Model1[0].Pitch[0].Blade1;0.3993149995803833;0.3993149995803833;0.0;0.3993149995803833;0.3993149995803833;0.3993149995803833;2000
Results_File_5_TOP_16.mat;Data[0].ModelsData[0].Model1[0].Pitch[0].Blade1Dem;0.4000000059604645;0.4000000059604645;0.0;0.4000000059604645;0.4000000059604645;0.40000000596046453;2000
Results_File_5_TOP_16.mat;Data[0].ModelsData[0].Model1[0].Pitch[0].Blade2;0.3991750180721283;0.3991750180721283;0.0;0.3991750180721283;0.3991750180721283;0.39917501807212835;2000
Results_File_5_TOP_16.mat;Data[0].ModelsData[0].Model1[0].Pitch[0].Blade2Dem;0.4000000059604645;0.4000000059604645;0.0;0.4000000059604645;0.4000000059604645;0.40000000596046453;2000
Results_File_5_TOP_16.mat;Data[0].ModelsData[0].Model1[0].Pitch[0].Blade3;0.39368000626564026;0.39368000626564026;0.0;0.39368000626564026;0.39368000626564026;0.3936800062656403;2000
Results_File_5_TOP_16.mat;Data[0].ModelsData[0].Model1[0].Pitch[0].Blade3Dem;0.4000000059604645;0.4000000059604645;0.0;0.4000000059604645;0.4000000059604645;0.40000000596046453;2000
Results_File_5_TOP_16.mat;Data[0].ModelsData[0].Model1[0].Yaw;30.46029063513947;30.463855122366258;0.020821419751476455;30.428998947143555;30.49199867248535;30.46029775147784;2000
Results_File_5_TOP_16.mat;Data[0].ModelsData[0].Model1[0].YawDem;30.0;30.0;0.0;30.0;30.0;30.0;2000
Results_File_5_TOP_16.mat;Data[0].ModelsData[0].Model1[0].PitotDirection;0.006195068359375;0.006195068359375;0.0;0.006195068359375;0.006195068359375;0.006195068359375;2000
Results_File_5_TOP_16.mat;Data[0].ModelsData[0].Model1[0].Hub[0].Yawing;163.09428711417507;105.44446055094069;883.7097915425172;-1155.8891601562484;1573.9390970865932;898.6338198384257;20000
Results_File_5_TOP_16.mat;Data[0].ModelsData[0].Model1[0].Hub[0].Nodding;1576.3476048001605;1592.4556655883787;206.57925180486447;1140.2321065266926;2100.135498046875;1589.826015146142;20000
Results_File_5_TOP_16.mat;Data[0].ModelsData[0].Model1[0].Hub[0].Torque;145.65836354371552;145.63077291121937;3.53612664827832;120.50659379097733;157.95856258477366;145.701280234272;20000
Results_File_5_TOP_16.mat;Data[0].ModelsData[0].Model1[0].Azimuth;179.75910663294408;179.61548614502135;103.93484610941964;0.0009980201721191406;359.97399377822876;207.64341707182268;20000
Results_File_5_TOP_16.mat;Data[0].ModelsData[0].Model1[0].PowerReference[0].Rel;100.0;100.0;0.0;100.0;100.0;100.0;1000
Results_File_5_TOP_16.mat;Data[0].ModelsData[0].Model1[0].PowerReference[0].Abs;46.0;46.0;0.0;46.0;46.0;46.0;1000
Results_File_5_TOP_16.mat;Data[0].ModelsData[0].Model1[0].AirDensity;1.1299999952316284;1.1299999952316284;0.0;1.1299999952316284;1.1299999952316284;1.1299999952316284;1000
Results_File_5_TOP_16.mat;Data[0].RecordingStart;nan;nan;nan;nan;nan;nan;1
Results_File_5_TOP_16.mat;Data[0].TN;nan;nan;nan;nan;nan;nan;1
Results_File_5_TOP_17.mat;Data[0].Time;3.9998;3.9998;2.3094010738717516;0.0;7.9996;4.618628948075392;20000
Results_File_5_TOP_17.mat;Data[0].ModelsData[0].Model1[0].Tower[0].FA;-5.554925294481578;-5.516713480795596;1.1475117631939658;-7.390758991241455;-3.7632605491145856;5.672211056893051;2000
Results_File_5_TOP_17.mat;Data[0].ModelsData[0].Model1[0].Tower[0].SS;2.2744019698185483;2.2936134722925;0.8054645297552501;0.9861091183077784;3.529887951910498;2.4128152496634176;2000
Results_File_5_TOP_17.mat;Data[0].ModelsData[0].Model1[0].RotorSpeed;797.9845368464177;797.9804283272888;0.24059521729951394;797.0948430034689;798.7024301666513;797.98457311658;2000
Results_File_5_TOP_17.mat;Data[0].ModelsData[0].Model1[0].PitotVelocity;4.584919851488705;4.584630758531632;0.013135539194156859;4.5376881659030905;4.6383529478503815;4.5849386677430175;2000
Results_File_5_TOP_17.mat;Data[0].ModelsData[0].Model1[0].Pitch[0].Blade1;0.3993149995803833;0.3993149995803833;0.0;0.3993149995803833;0.3993149995803833;0.3993149995803833;2000
Results_File_5_TOP_17.mat;Data[0].ModelsData[0].Model1[0].Pitch[0].Blade1Dem;0.4000000059604645;0.4000000059604645;0.0;0.4000000059604645;0.4000000059604645;0.40000000596046453;2000
Results_File_5_TOP_17.mat;Data[0].ModelsData[0].Model1[0].Pitch[0].Blade2;0.3991750180721283;0.3991750180721283;0.0;0.3991750180721283;0.3991750180721283;0.39917501807212835;2000
Results_File_5_TOP_17.mat;Data[0].ModelsData[0].Model1[0].Pitch[0].Blade2Dem;0.4000000059604645;0.4000000059604645;0.0;0.4000000059604645;0.4000000059604645;0.40000000596046453;2000
Results_File_5_TOP_17.mat;Data[0].ModelsData[0].Model1[0].Pitch[0].Blade3;0.39368000626564026;0.39368000626564026;0.0;0.39368000626564026;0.39368000626564026;0.3936800062656403;2000
Results_File_5_TOP_17.mat;Data[0].ModelsData[0].Model1[0].Pitch[0].Blade3Dem;0.4000000059604645;0.4000000059604645;0.0;0.4000000059604645;0.4000000059604645;0.40000000596046453;2000
Results_File_5_TOP_17.mat;Data[0].ModelsData[0].Model1[0].Yaw;-29.69394128876492;-29.690998077392578;0.00418715323037235;-29.69999885559082;-29.690998077392578;29.6939415839809;2000
Results_File_5_TOP_17.mat;Data[0].ModelsData[0].Model1[0].YawDem;-30.0;-30.0;0.0;-30.0;-30.0;30.0;2000
Results_File_5_TOP_17.mat;Data[0].ModelsData[0].Model1[0].PitotDirection;0.006195068359375;0.006195068359375;0.0;0.006195068359375;0.006195068359375;0.006195068359375;2000
Results_File_5_TOP_17.mat;Data[0].ModelsData[0].Model1[0].Hub[0].Yawing;185.22571811669664;209.9506543477313;906.6284640240607;-1188.124938964862;1550.3525594075745;925.356006318905;20000
Results_File_5_TOP_17.mat;Data[0].ModelsData[0].Model1[0].Hub[0].Nodding;654.2602314932823;669.4570633570338;163.04184886266208;-129.61878458658853;997.0626144409151;674.2693045024358;20000
Results_File_5_TOP_17.mat;Data[0].ModelsData[0].Model1[0].Hub[0].Torque;108.75919301057188;108.74280513859347;4.326441293867611;93.99029168633439;131.81533537387747;108.84521192307957;20000
Results_File_5_TOP_17.mat;Data[0].ModelsData[0].Model1[0].Azimuth;179.74581047444357;179.59224510192826;103.81128448618223;0.005500316619873047;359.9904996554087;207.57008254993212;20000
Results_File_5_TOP_17.mat;Data[0].ModelsData[0].Model1[0].PowerReference[0].Rel;100.0;100.0;0.0;100.0;100.0;100.0;1000
Results_File_5_TOP_17.mat;Data[0].ModelsData[0].Model1[0].PowerReference[0].Abs;46.0;46.0;0.0;46.0;46.0;46.0;1000
Results_File_5_TOP_17.mat;Data[0].ModelsData[0].Model1[0].AirDensity;1.1299999952316284;1.1299999952316284;0.0;1.1299999952316284;1.1299999952316284;1.1299999952316284;1000
Results_File_5_TOP_17.mat;Data[0].RecordingStart;nan;nan;nan;nan;nan;nan;1
Results_File_5_TOP_17.mat;Data[0].TN;nan;nan;nan;nan;nan;nan;1
Results_File_5_TOP_18.mat;Data[0].Time;3.9998;3.9998;2.3094010738717516;0.0;7.9996;4.618628948075392;20000
Results_File_5_TOP_18.mat;Data[0].ModelsData[0].Model1[0].Tower[0].FA;-7.741343202706746;-7.678113915026168;0.9088690149144026;-9.260657633504566;-6.341518359799539;7.7945132925902065;2000
Results_File_5_TOP_18.mat;Data[0].ModelsData[0].Model1[0].Tower[0].SS;0.24293513477626505;0.23803468865733615;0.7939130205953657;-1.1830921519187128;1.6571118608116757;0.8302501815595222;2000
Results_File_5_TOP_18.mat;Data[0].ModelsData[0].Model1[0].RotorSpeed;797.9805343562707;797.9871512237955;0.24363851459750302;797.0782822181222;798.5747284762764;797.9805715499878;2000
Results_File_5_TOP_18.mat;Data[0].ModelsData[0].Model1[0].PitotVelocity;4.5456478304650485;4.544687680659758;0.013333759594131217;4.497326250999201;4.588252525175775;4.545667386397349;2000
Results_File_5_TOP_18.mat;Data[0].ModelsData[0].Model1[0].Pitch[0].Blade1;0.3993149995803833;0.3993149995803833;0.0;0.3993149995803833;0.3993149995803833;0.3993149995803833;2000
Results_File_5_TOP_18.mat;Data[0].ModelsData[0].Model1[0].Pitch[0].Blade1Dem;0.4000000059604645;0.4000000059604645;0.0;0.4000000059604645;0.4000000059604645;0.40000000596046453;2000
Results_File_5_TOP_18.mat;Data[0].ModelsData[0].Model1[0].Pitch[0].Blade2;0.3991750180721283;0.3991750180721283;0.0;0.3991750180721283;0.3991750180721283;0.39917501807212835;2000
Results_File_5_TOP_18.mat;Data[0].ModelsData[0].Model1[0].Pitch[0].Blade2Dem;0.4000000059604645;0.4000000059604645;0.0;0.4000000059604645;0.4000000059604645;0.40000000596046453;2000
Results_File_5_TOP_18.mat;Data[0].ModelsData[0].Model1[0].Pitch[0].Blade3;0.39368000626564026;0.39368000626564026;0.0;0.39368000626564026;0.39368000626564026;0.3936800062656403;2000
Results_File_5_TOP_18.mat;Data[0].ModelsData[0].Model1[0].Pitch[0].Blade3Dem;0.4000000059604645;0.4000000059604645;0.0;0.4000000059604645;0.4000000059604645;0.40000000596046453;2000
Results_File_5_TOP_18.mat;Data[0].ModelsData[0].Model1[0].Yaw;0.32132723343015834;0.3240000009536743;0.004054567209820276;0.3149999976158142;0.3240000009536743;0.32135281305620844;2000
Results_File_5_TOP_18.mat;Data[0].ModelsData[0].Model1[0].YawDem;0.0;0.0;0.0;0.0;0.0;0.0;2000
Results_File_5_TOP_18.mat;Data[0].ModelsData[0].Model1[0].PitotDirection;0.006195068359375;0.006195068359375;0.0;0.006195068359375;0.006195068359375;0.006195068359375;2000
Results_File_5_TOP_18.mat;Data[0].ModelsData[0].Model1[0].Hub[0].Yawing;103.97032672535575;95.27762349446725;911.1057035671973;-1296.2647298177083;1552.347782135011;917.0187740237682;20000
Results_File_5_TOP_18.mat;Data[0].ModelsData[0].Model1[0].Hub[0].Nodding;156.5440878926276;132.52352523802747;556.7564989195923;-4175.438313801382;2250.4234619140625;578.345788039765;20000
Results_File_5_TOP_18.mat;Data[0].ModelsData[0].Model1[0].Hub[0].Torque;218.0802865487092;218.08148868176346;3.9399763192428945;183.92301404250318;229.56558604488254;218.11587469637166;20000
Results_File_5_TOP_18.mat;Data[0].ModelsData[0].Model1[0].Azimuth;179.94581097369;179.96499252319336;103.75217141580042;0.0009957949314411962;359.98449325561705;207.71376449449036;20000
Results_File_5_TOP_18.mat;Data[0].ModelsData[0].Model1[0].PowerReference[0].Rel;100.0;100.0;0.0;100.0;100.0;100.0;1000
Results_File_5_TOP_18.mat;Data[0].ModelsData[0].Model1[0].PowerReference[0].Abs;46.0;46.0;0.0;46.0;46.0;46.0;1000
Results_File_5_TOP_18.mat;Data[0].ModelsData[0].Model1[0].AirDensity;1.1299999952316284;1.1299999952316284;0.0;1.1299999952316284;1.1299999952316284;1.1299999952316284;1000
Results_File_5_TOP_18.mat;Data[0].RecordingStart;nan;nan;nan;nan;nan;nan;1
Results_File_5_TOP_18.mat;Data[0].TN;nan;nan;nan;nan;nan;nan;1
Results_File_5_TOP_19.mat;Data[0].Time;3.9998;3.9998;2.3094010738717516;0.0;7.9996;4.618628948075392;20000
Results_File_5_TOP_19.mat;Data[0].ModelsData[0].Model1[0].Tower[0].FA;-5.814649117212082;-5.7754710619487435;0.7457881583707014;-7.122841819640113;-4.61377020805113;5.862281495583541;2000
Results_File_5_TOP_19.mat;Data[0].ModelsData[0].Model1[0].Tower[0].SS;-2.1544538712834402;-2.14580675815386;0.8717362274124166;-3.66630984097719;-0.6464327535321553;2.3241332865546744;2000
Results_File_5_TOP_19.mat;Data[0].ModelsData[0].Model1[0].RotorSpeed;798.0038412730305;798.0028262842367;0.22831912071401056;797.3017172378932;798.6384053243727;798.0038739355423;2000
Results_File_5_TOP_19.mat;Data[0].ModelsData[0].Model1[0].PitotVelocity;4.579678174448711;4.579864895151507;0.013212327865601819;4.531983729331724;4.624099827581836;4.579697233129009;2000
Results_File_5_TOP_19.mat;Data[0].ModelsData[0].Model1[0].Pitch[0].Blade1;0.3993149995803833;0.3993149995803833;0.0;0.3993149995803833;0.3993149995803833;0.3993149995803833;2000
Results_File_5_TOP_19.mat;Data[0].ModelsData[0].Model1[0].Pitch[0].Blade1Dem;0.4000000059604645;0.4000000059604645;0.0;0.4000000059604645;0.4000000059604645;0.40000000596046453;2000
Results_File_5_TOP_19.mat;Data[0].ModelsData[0].Model1[0].Pitch[0].Blade2;0.3991750180721283;0.3991750180721283;0.0;0.3991750180721283;0.3991750180721283;0.39917501807212835;2000
Results_File_5_TOP_19.mat;Data[0].ModelsData[0].Model1[0].Pitch[0].Blade2Dem;0.4000000059604645;0.4000000059604645;0.0;0.4000000059604645;0.4000000059604645;0.40000000596046453;2000
Results_File_5_TOP_19.mat;Data[0].ModelsData[0].Model1[0].Pitch[0].Blade3;0.39368000626564026;0.39368000626564026;0.0;0.39368000626564026;0.39368000626564026;0.3936800062656403;2000
Results_File_5_TOP_19.mat;Data[0].ModelsData[0].Model1[0].Pitch[0].Blade3Dem;0.4000000059604645;0.4000000059604645;0.0;0.4000000059604645;0.4000000059604645;0.40000000596046453;2000
Results_File_5_TOP_19.mat;Data[0].ModelsData[0].Model1[0].Yaw;30.464700215131046;30.464998245239258;0.020193377967587422;30.437997817993164;30.500999450683594;30.46470690767136;2000
Results_File_5_TOP_19.mat;Data[0].ModelsData[0].Model1[0].YawDem;30.0;30.0;0.0;30.0;30.0;30.0;2000
Results_File_5_TOP_19.mat;Data[0].ModelsData[0].Model1[0].PitotDirection;0.006195068359375;0.006195068359375;0.0;0.006195068359375;0.006195068359375;0.006195068359375;2000
Results_File_5_TOP_19.mat;Data[0].ModelsData[0].Model1[0].Hub[0].Yawing;149.04994719473515;81.1697998047031;890.0877733199362;-1163.7005615234375;1561.010813395187;902.4810972936748;20000
Results_File_5_TOP_19.mat;Data[0].ModelsData[0].Model1[0].Hub[0].Nodding;117.55902158422465;30.379992167159433;625.0977843698635;-4007.2153244018446;2063.088541666667;636.0561009690517;20000
Results_File_5_TOP_19.mat;Data[0].ModelsData[0].Model1[0].Hub[0].Torque;120.01039991784143;120.06638651138394;4.155403970042747;104.34452788380067;134.35054504026823;120.0823195586864;20000
Results_File_5_TOP_19.mat;Data[0].ModelsData[0].Model1[0].Azimuth;179.98877656574058;179.97024408976358;104.09487884714379;0.015993754070223076;359.9739964803084;207.92234966889353;20000
Results_File_5_TOP_19.mat;Data[0].ModelsData[0].Model1[0].PowerReference[0].Rel;100.0;100.0;0.0;100.0;100.0;100.0;1000
Results_File_5_TOP_19.mat;Data[0].ModelsData[0].Model1[0].PowerReference[0].Abs;46.0;46.0;0.0;46.0;46.0;46.0;1000
Results_File_5_TOP_19.mat;Data[0].ModelsData[0].Model1[0].AirDensity;1.1299999952316284;1.1299999952316284;0.0;1.1299999952316284;1.1299999952316284;1.1299999952316284;1000
Results_File_5_TOP_19.mat;Data[0].RecordingStart;nan;nan;nan;nan;nan;nan;1
Results_File_5_TOP_19.mat;Data[0].TN;nan;nan;nan;nan;nan;nan;1
Results_File_5_TOP_2.mat;Data[0].Time;3.9998;3.9998;2.3094010738717516;0.0;7.9996;4.618628948075392;20000
Results_File_5_TOP_2.mat;Data[0].ModelsData[0].Model1[0].Tower[0].FA;-5.916006805025521;-5.8790960215752825;2.178867541382428;-9.289471626281738;-2.6775612831115723;6.304490485360271;2000
Results_File_5_TOP_2.mat;Data[0].ModelsData[0].Model1[0].Tower[0].SS;0.09399367262236738;0.11983765733807852;1.6449650285608484;-2.4393307715654347;2.6456117591550257;1.647648249985789;2000
Results_File_5_TOP_2.mat;Data[0].ModelsData[0].Model1[0].RotorSpeed;709.0590694711177;709.0690333289756;0.2121490488711668;708.5255266790498;709.6432079694633;709.0591012084016;2000
Results_File_5_TOP_2.mat;Data[0].ModelsData[0].Model1[0].PitotVelocity;4.006238073972174;4.006361961364746;0.015009987378451132;3.9532405324280244;4.05399013334705;4.006266192487137;2000
Results_File_5_TOP_2.mat;Data[0].ModelsData[0].Model1[0].Pitch[0].Blade1;0.3993149995803833;0.3993149995803833;0.0;0.3993149995803833;0.3993149995803833;0.3993149995803833;2000
Results_File_5_TOP_2.mat;Data[0].ModelsData[0].Model1[0].Pitch[0].Blade1Dem;0.4000000059604645;0.4000000059604645;0.0;0.4000000059604645;0.4000000059604645;0.40000000596046453;2000
Results_File_5_TOP_2.mat;Data[0].ModelsData[0].Model1[0].Pitch[0].Blade2;0.3991750180721283;0.3991750180721283;0.0;0.3991750180721283;0.3991750180721283;0.39917501807212835;2000
Results_File_5_TOP_2.mat;Data[0].ModelsData[0].Model1[0].Pitch[0].Blade2Dem;0.4000000059604645;0.4000000059604645;0.0;0.4000000059604645;0.4000000059604645;0.40000000596046453;2000
Results_File_5_TOP_2.mat;Data[0].ModelsData[0].Model1[0].Pitch[0].Blade3;0.39368000626564026;0.39368000626564026;0.0;0.39368000626564026;0.39368000626564026;0.3936800062656403;2000
Results_File_5_TOP_2.mat;Data[0].ModelsData[0].Model1[0].Pitch[0].Blade3Dem;0.4000000059604645;0.4000000059604645;0.0;0.4000000059604645;0.4000000059604645;0.40000000596046453;2000
Results_File_5_TOP_2.mat;Data[0].ModelsData[0].Model1[0].Yaw;1.117983826654828;1.1159999370574951;0.0038030126933369765;1.1069999933242798;1.125;1.1179902949343157;2000
Results_File_5_TOP_2.mat;Data[0].ModelsData[0].Model1[0].YawDem;0.0;0.0;0.0;0.0;0.0;0.0;2000
Results_File_5_TOP_2.mat;Data[0].ModelsData[0].Model1[0].PitotDirection;0.006195068359375;0.006195068359375;0.0;0.006195068359375;0.006195068359375;0.006195068359375;2000
Results_File_5_TOP_2.mat;Data[0].ModelsData[0].Model1[0].Hub[0].Yawing;143.52974225549707;126.58642578125;888.886645056468;-1227.3916015625048;1501.2533315022788;900.4000525720068;20000
Results_File_5_TOP_2.mat;Data[0].ModelsData[0].Model1[0].Hub[0].Nodding;1346.131237460804;1373.9245096842442;155.56200274826702;824.4109039306645;1691.7909469604497;1355.089976778962;20000
Results_File_5_TOP_2.mat;Data[0].ModelsData[0].Model1[0].Hub[0].Torque;151.49561997156582;151.45725908050548;2.7372890869568502;134.7356606128568;162.32971796396382;151.52034722146945;20000
Results_File_5_TOP_2.mat;Data[0].ModelsData[0].Model1[0].Azimuth;180.03973202800765;180.06098779042077;104.13580343377916;0.0099945068359375;359.99200439453125;207.98694830569417;20000
Results_File_5_TOP_2.mat;Data[0].ModelsData[0].Model1[0].PowerReference[0].Rel;100.0;100.0;0.0;100.0;100.0;100.0;1000
Results_File_5_TOP_2.mat;Data[0].ModelsData[0].Model1[0].PowerReference[0].Abs;46.0;46.0;0.0;46.0;46.0;46.0;1000
Results_File_5_TOP_2.mat;Data[0].ModelsData[0].Model1[0].AirDensity;1.1299999952316284;1.1299999952316284;0.0;1.1299999952316284;1.1299999952316284;1.1299999952316284;1000
Results_File_5_TOP_2.mat;Data[0].RecordingStart;nan;nan;nan;nan;nan;nan;1
Results_File_5_TOP_2.mat;Data[0].TN;nan;nan;nan;nan;nan;nan;1
Results_File_5_TOP_20.mat;Data[0].Time;3.9998;3.9998;2.3094010738717516;0.0;7.9996;4.618628948075392;20000
Results_File_5_TOP_20.mat;Data[0].ModelsData[0].Model1[0].Tower[0].FA;-6.708384480820596;-6.660598011935703;2.4338034532654316;-10.312704563140883;-3.144742742180827;7.1362330113051495;2000
Results_File_5_TOP_20.mat;Data[0].ModelsData[0].Model1[0].Tower[0].SS;2.9783523848651594;3.012598121166261;1.5707251023924995;0.438437712192537;5.44319850206375;3.3671590808451435;2000
Results_File_5_TOP_20.mat;Data[0].ModelsData[0].Model1[0].RotorSpeed;708.0019383098227;708.0277208529628;0.22408683350921932;707.202055079318;708.7308813395808;708.0019737722312;2000
Results_File_5_TOP_20.mat;Data[0].ModelsData[0].Model1[0].PitotVelocity;5.047619273231055;5.0475091273585955;0.012734021860189902;5.005574909845988;5.092735685408115;5.0476353357593435;2000
Results_File_5_TOP_20.mat;Data[0].ModelsData[0].Model1[0].Pitch[0].Blade1;0.3993149995803833;0.3993149995803833;0.0;0.3993149995803833;0.3993149995803833;0.3993149995803833;2000
Results_File_5_TOP_20.mat;Data[0].ModelsData[0].Model1[0].Pitch[0].Blade1Dem;0.4000000059604645;0.4000000059604645;0.0;0.4000000059604645;0.4000000059604645;0.40000000596046453;2000
Results_File_5_TOP_20.mat;Data[0].ModelsData[0].Model1[0].Pitch[0].Blade2;0.3991750180721283;0.3991750180721283;0.0;0.3991750180721283;0.3991750180721283;0.39917501807212835;2000
Results_File_5_TOP_20.mat;Data[0].ModelsData[0].Model1[0].Pitch[0].Blade2Dem;0.4000000059604645;0.4000000059604645;0.0;0.4000000059604645;0.4000000059604645;0.40000000596046453;2000
Results_File_5_TOP_20.mat;Data[0].ModelsData[0].Model1[0].Pitch[0].Blade3;0.39368000626564026;0.39368000626564026;0.0;0.39368000626564026;0.39368000626564026;0.3936800062656403;2000
Results_File_5_TOP_20.mat;Data[0].ModelsData[0].Model1[0].Pitch[0].Blade3Dem;0.4000000059604645;0.4000000059604645;0.0;0.4000000059604645;0.4000000059604645;0.40000000596046453;2000
Results_File_5_TOP_20.mat;Data[0].ModelsData[0].Model1[0].Yaw;-28.743099778307478;-28.74599838256836;0.00416281993647721;-28.74599838256836;-28.73699951171875;28.743100079754953;2000
Results_File_5_TOP_20.mat;Data[0].ModelsData[0].Model1[0].YawDem;-30.0;-30.0;0.0;-30.0;-30.0;30.0;2000
Results_File_5_TOP_20.mat;Data[0].ModelsData[0].Model1[0].PitotDirection;0.006195068359375;0.006195068359375;0.0;0.006195068359375;0.006195068359375;0.006195068359375;2000
Results_File_5_TOP_20.mat;Data[0].ModelsData[0].Model1[0].Hub[0].Yawing;32.57103953237527;16.39964485168773;846.6609814771882;-1282.78018951416;1368.422939300535;847.2872536348787;20000
Results_File_5_TOP_20.mat;Data[0].ModelsData[0].Model1[0].Hub[0].Nodding;7.0054655766487475;-18.285291671754997;827.2171874606692;-1211.2458801269531;1249.6026191711426;827.2468505701822;20000
Results_File_5_TOP_20.mat;Data[0].ModelsData[0].Model1[0].Hub[0].Torque;274.78014311130454;274.68655276433924;2.9685537741684356;265.21582549331964;286.159331053029;274.79617784783534;20000
Results_File_5_TOP_20.mat;Data[0].ModelsData[0].Model1[0].Azimuth;179.8671058176638;179.72143054008484;103.92196604300327;0.0099945068359375;359.9987533092535;207.7304762943218;20000
Results_File_5_TOP_20.mat;Data[0].ModelsData[0].Model1[0].PowerReference[0].Rel;100.0;100.0;0.0;100.0;100.0;100.0;1000
Results_File_5_TOP_20.mat;Data[0].ModelsData[0].Model1[0].PowerReference[0].Abs;46.0;46.0;0.0;46.0;46.0;46.0;1000
Results_File_5_TOP_20.mat;Data[0].ModelsData[0].Model1[0].AirDensity;1.1299999952316284;1.1299999952316284;0.0;1.1299999952316284;1.1299999952316284;1.1299999952316284;1000
Results_File_5_TOP_20.mat;Data[0].RecordingStart;nan;nan;nan;nan;nan;nan;1
Results_File_5_TOP_20.mat;Data[0].TN;nan;nan;nan;nan;nan;nan;1
Results_File_5_TOP_21.mat;Data[0].Time;3.9998;3.9998;2.3094010738717516;0.0;7.9996;4.618628948075392;20000
Results_File_5_TOP_21.mat;Data[0].ModelsData[0].Model1[0].Tower[0].FA;-8.783384225357821;-8.746870255470274;1.86429145192758;-11.697558943430602;-5.978933483362176;8.979054575399063;2000
Results_File_5_TOP_21.mat;Data[0].ModelsData[0].Model1[0].Tower[0].SS;0.340506846276919;0.36001309901477196;1.6577736429001635;-2.2497568875551175;2.894158219918598;1.6923824518872594;2000
Results_File_5_TOP_21.mat;Data[0].ModelsData[0].Model1[0].RotorSpeed;707.9697764774654;708.0034675445199;0.20075980422863723;707.3706756511166;708.5343375795288;707.9698049423091;2000
Results_File_5_TOP_21.mat;Data[0].ModelsData[0].Model1[0].PitotVelocity;5.017497442869221;5.017898701131345;0.01269949070862408;4.973187311490376;5.066038362681866;5.017513514308002;2000
Results_File_5_TOP_21.mat;Data[0].ModelsData[0].Model1[0].Pitch[0].Blade1;0.3993149995803833;0.3993149995803833;0.0;0.3993149995803833;0.3993149995803833;0.3993149995803833;2000
Results_File_5_TOP_21.mat;Data[0].ModelsData[0].Model1[0].Pitch[0].Blade1Dem;0.4000000059604645;0.4000000059604645;0.0;0.4000000059604645;0.4000000059604645;0.40000000596046453;2000
Results_File_5_TOP_21.mat;Data[0].ModelsData[0].Model1[0].Pitch[0].Blade2;0.3991750180721283;0.3991750180721283;0.0;0.3991750180721283;0.3991750180721283;0.39917501807212835;2000
Results_File_5_TOP_21.mat;Data[0].ModelsData[0].Model1[0].Pitch[0].Blade2Dem;0.4000000059604645;0.4000000059604645;0.0;0.4000000059604645;0.4000000059604645;0.40000000596046453;2000
Results_File_5_TOP_21.mat;Data[0].ModelsData[0].Model1[0].Pitch[0].Blade3;0.39368000626564026;0.39368000626564026;0.0;0.39368000626564026;0.39368000626564026;0.3936800062656403;2000
Results_File_5_TOP_21.mat;Data[0].ModelsData[0].Model1[0].Pitch[0].Blade3Dem;0.4000000059604645;0.4000000059604645;0.0;0.4000000059604645;0.4000000059604645;0.40000000596046453;2000
Results_File_5_TOP_21.mat;Data[0].ModelsData[0].Model1[0].Yaw;1.1230657153787091;1.125;0.003648711398383518;1.1159999370574951;1.125;1.123071642485002;2000
Results_File_5_TOP_21.mat;Data[0].ModelsData[0].Model1[0].YawDem;0.0;0.0;0.0;0.0;0.0;0.0;2000
Results_File_5_TOP_21.mat;Data[0].ModelsData[0].Model1[0].PitotDirection;0.006195068359375;0.006195068359375;0.0;0.006195068359375;0.006195068359375;0.006195068359375;2000
Results_File_5_TOP_21.mat;Data[0].ModelsData[0].Model1[0].Hub[0].Yawing;22.20031205425268;-3.601142883285952;887.2078908112894;-1332.5924072265625;1414.852157592774;887.4856029103361;20000
Results_File_5_TOP_21.mat;Data[0].ModelsData[0].Model1[0].Hub[0].Nodding;-13.89865244598394;-64.73197937013177;847.2739444124609;-1247.8423004150395;1230.7434387207024;847.387933251391;20000
Results_File_5_TOP_21.mat;Data[0].ModelsData[0].Model1[0].Hub[0].Torque;405.4204517177689;405.408429143637;2.2031445269734373;398.32805569815486;418.5397797986385;405.42643786123097;20000
Results_File_5_TOP_21.mat;Data[0].ModelsData[0].Model1[0].Azimuth;179.87150265209684;179.89861249923888;104.07801869393663;0.0032482147216796875;359.980750083927;207.8123948218169;20000
Results_File_5_TOP_21.mat;Data[0].ModelsData[0].Model1[0].PowerReference[0].Rel;100.0;100.0;0.0;100.0;100.0;100.0;1000
Results_File_5_TOP_21.mat;Data[0].ModelsData[0].Model1[0].PowerReference[0].Abs;46.0;46.0;0.0;46.0;46.0;46.0;1000
Results_File_5_TOP_21.mat;Data[0].ModelsData[0].Model1[0].AirDensity;1.1299999952316284;1.1299999952316284;0.0;1.1299999952316284;1.1299999952316284;1.1299999952316284;1000
Results_File_5_TOP_21.mat;Data[0].RecordingStart;nan;nan;nan;nan;nan;nan;1
Results_File_5_TOP_21.mat;Data[0].TN;nan;nan;nan;nan;nan;nan;1
Results_File_5_TOP_22.mat;Data[0].Time;3.9998;3.9998;2.3094010738717516;0.0;7.9996;4.618628948075392;20000
Results_File_5_TOP_22.mat;Data[0].ModelsData[0].Model1[0].Tower[0].FA;-6.9026019839584825;-6.884408088400952;1.781387284792718;-9.485196590423591;-4.371887668967244;7.128762501820968;2000
Results_File_5_TOP_22.mat;Data[0].ModelsData[0].Model1[0].Tower[0].SS;-2.51343020649689;-2.5300017607708183;1.6299755907701825;-4.902880787849427;-0.04697014391422204;2.9956888739382808;2000
Results_File_5_TOP_22.mat;Data[0].ModelsData[0].Model1[0].RotorSpeed;707.9742539346461;707.9917563953225;0.21408602978336333;707.20040638189;708.6865163773082;707.9742863036389;2000
Results_File_5_TOP_22.mat;Data[0].ModelsData[0].Model1[0].PitotVelocity;5.045557264355074;5.045829349756241;0.012498107090890859;5.003350766499838;5.088617369532583;5.045572743561142;2000
Results_File_5_TOP_22.mat;Data[0].ModelsData[0].Model1[0].Pitch[0].Blade1;0.3993149995803833;0.3993149995803833;0.0;0.3993149995803833;0.3993149995803833;0.3993149995803833;2000
Results_File_5_TOP_22.mat;Data[0].ModelsData[0].Model1[0].Pitch[0].Blade1Dem;0.4000000059604645;0.4000000059604645;0.0;0.4000000059604645;0.4000000059604645;0.40000000596046453;2000
Results_File_5_TOP_22.mat;Data[0].ModelsData[0].Model1[0].Pitch[0].Blade2;0.3991750180721283;0.3991750180721283;0.0;0.3991750180721283;0.3991750180721283;0.39917501807212835;2000
Results_File_5_TOP_22.mat;Data[0].ModelsData[0].Model1[0].Pitch[0].Blade2Dem;0.4000000059604645;0.4000000059604645;0.0;0.4000000059604645;0.4000000059604645;0.40000000596046453;2000
Results_File_5_TOP_22.mat;Data[0].ModelsData[0].Model1[0].Pitch[0].Blade3;0.39368000626564026;0.39368000626564026;0.0;0.39368000626564026;0.39368000626564026;0.3936800062656403;2000
Results_File_5_TOP_22.mat;Data[0].ModelsData[0].Model1[0].Pitch[0].Blade3Dem;0.4000000059604645;0.4000000059604645;0.0;0.4000000059604645;0.4000000059604645;0.40000000596046453;2000
Results_File_5_TOP_22.mat;Data[0].ModelsData[0].Model1[0].Yaw;30.484625708780186;30.48299789428711;0.010678438926737206;30.464998245239258;30.500999450683594;30.484627579051708;2000
Results_File_5_TOP_22.mat;Data[0].ModelsData[0].Model1[0].YawDem;30.0;30.0;0.0;30.0;30.0;30.0;2000
Results_File_5_TOP_22.mat;Data[0].ModelsData[0].Model1[0].PitotDirection;0.006195068359375;0.006195068359375;0.0;0.006195068359375;0.006195068359375;0.006195068359375;2000
Results_File_5_TOP_22.mat;Data[0].ModelsData[0].Model1[0].Hub[0].Yawing;32.425392835426244;-15.365606307985008;931.3941451632626;-1385.9590759277369;1489.3988876342755;931.9584002223149;20000
Results_File_5_TOP_22.mat;Data[0].ModelsData[0].Model1[0].Hub[0].Nodding;1.480467936515778;-167.13802719114256;861.182880180728;-1142.839645385742;1308.0767669677734;861.1841527232634;20000
Results_File_5_TOP_22.mat;Data[0].ModelsData[0].Model1[0].Hub[0].Torque;278.6617392863996;278.68333828553557;2.827247054422719;270.3679086178487;288.4972629427954;278.676081262867;20000
Results_File_5_TOP_22.mat;Data[0].ModelsData[0].Model1[0].Azimuth;179.69320935350666;179.6702404022235;103.99411809471106;0.0054988861083984375;359.9919958114624;207.61605449979027;20000
Results_File_5_TOP_22.mat;Data[0].ModelsData[0].Model1[0].PowerReference[0].Rel;100.0;100.0;0.0;100.0;100.0;100.0;1000
Results_File_5_TOP_22.mat;Data[0].ModelsData[0].Model1[0].PowerReference[0].Abs;46.0;46.0;0.0;46.0;46.0;46.0;1000
Results_File_5_TOP_22.mat;Data[0].ModelsData[0].Model1[0].AirDensity;1.1299999952316284;1.1299999952316284;0.0;1.1299999952316284;1.1299999952316284;1.1299999952316284;1000
Results_File_5_TOP_22.mat;Data[0].RecordingStart;nan;nan;nan;nan;nan;nan;1
Results_File_5_TOP_22.mat;Data[0].TN;nan;nan;nan;nan;nan;nan;1
Results_File_5_TOP_23.mat;Data[0].Time;3.9998;3.9998;2.3094010738717516;0.0;7.9996;4.618628948075392;20000
Results_File_5_TOP_23.mat;Data[0].ModelsData[0].Model1[0].Tower[0].FA;-6.70399735689722;-6.648391848802575;1.5414646665934608;-9.117882601420067;-4.297641590237617;6.87893115822807;2000
Results_File_5_TOP_23.mat;Data[0].ModelsData[0].Model1[0].Tower[0].SS;3.0185490841458242;3.043657208792898;1.0004245678476438;1.3874400369822963;4.632141299545745;3.1800138190502785;2000
Results_File_5_TOP_23.mat;Data[0].ModelsData[0].Model1[0].RotorSpeed;747.0002706361627;747.0187408236199;0.22510938392163377;746.1728464458624;747.7721687514295;747.0003045546467;2000
Results_File_5_TOP_23.mat;Data[0].ModelsData[0].Model1[0].PitotVelocity;5.054226600546017;5.054397374639908;0.012331972286797062;5.010263323783872;5.1049357280135155;5.054241645114273;2000
Results_File_5_TOP_23.mat;Data[0].ModelsData[0].Model1[0].Pitch[0].Blade1;0.3993149995803833;0.3993149995803833;0.0;0.3993149995803833;0.3993149995803833;0.3993149995803833;2000
Results_File_5_TOP_23.mat;Data[0].ModelsData[0].Model1[0].Pitch[0].Blade1Dem;0.4000000059604645;0.4000000059604645;0.0;0.4000000059604645;0.4000000059604645;0.40000000596046453;2000
Results_File_5_TOP_23.mat;Data[0].ModelsData[0].Model1[0].Pitch[0].Blade2;0.3991750180721283;0.3991750180721283;0.0;0.3991750180721283;0.3991750180721283;0.39917501807212835;2000
Results_File_5_TOP_23.mat;Data[0].ModelsData[0].Model1[0].Pitch[0].Blade2Dem;0.4000000059604645;0.4000000059604645;0.0;0.4000000059604645;0.4000000059604645;0.40000000596046453;2000
Results_File_5_TOP_23.mat;Data[0].ModelsData[0].Model1[0].Pitch[0].Blade3;0.39368000626564026;0.39368000626564026;0.0;0.39368000626564026;0.39368000626564026;0.3936800062656403;2000
Results_File_5_TOP_23.mat;Data[0].ModelsData[0].Model1[0].Pitch[0].Blade3Dem;0.4000000059604645;0.4000000059604645;0.0;0.4000000059604645;0.4000000059604645;0.40000000596046453;2000
Results_File_5_TOP_23.mat;Data[0].ModelsData[0].Model1[0].Yaw;-29.612401985788345;-29.60999870300293;0.003936981922446783;-29.618999481201172;-29.60999870300293;29.612402247500086;2000
Results_File_5_TOP_23.mat;Data[0].ModelsData[0].Model1[0].YawDem;-30.0;-30.0;0.0;-30.0;-30.0;30.0;2000
Results_File_5_TOP_23.mat;Data[0].ModelsData[0].Model1[0].PitotDirection;0.006195068359375;0.006195068359375;0.0;0.006195068359375;0.006195068359375;0.006195068359375;2000
Results_File_5_TOP_23.mat;Data[0].ModelsData[0].Model1[0].Hub[0].Yawing;64.43135254125588;68.91408920285448;866.295751349284;-1261.8942108154292;1410.7114410400497;868.6885103396477;20000
Results_File_5_TOP_23.mat;Data[0].ModelsData[0].Model1[0].Hub[0].Nodding;23.911585517597217;7.93671798704663;837.9179644035205;-1210.6535339355462;1299.2654342651422;838.2590762956908;20000
Results_File_5_TOP_23.mat;Data[0].ModelsData[0].Model1[0].Hub[0].Torque;242.40755477357033;242.394724224817;3.678408472524458;228.06351594647109;254.51665799842442;242.4354621341363;20000
Results_File_5_TOP_23.mat;Data[0].ModelsData[0].Model1[0].Azimuth;180.32922628715644;180.57361435890198;103.81308862040322;0.007749438285827637;359.996488571167;208.076397561646;20000
Results_File_5_TOP_23.mat;Data[0].ModelsData[0].Model1[0].PowerReference[0].Rel;100.0;100.0;0.0;100.0;100.0;100.0;1000
Results_File_5_TOP_23.mat;Data[0].ModelsData[0].Model1[0].PowerReference[0].Abs;46.0;46.0;0.0;46.0;46.0;46.0;1000
Results_File_5_TOP_23.mat;Data[0].ModelsData[0].Model1[0].AirDensity;1.1299999952316284;1.1299999952316284;0.0;1.1299999952316284;1.1299999952316284;1.1299999952316284;1000
Results_File_5_TOP_23.mat;Data[0].RecordingStart;nan;nan;nan;nan;nan;nan;1
Results_File_5_TOP_23.mat;Data[0].TN;nan;nan;nan;nan;nan;nan;1
Results_File_5_TOP_24.mat;Data[0].Time;3.9998;3.9998;2.3094010738717516;0.0;7.9996;4.618628948075392;20000
Results_File_5_TOP_24.mat;Data[0].ModelsData[0].Model1[0].Tower[0].FA;-9.012479188892742;-8.962877225130818;1.1637975075393123;-10.844154417514787;-7.179690329233793;9.087310150356897;2000
Results_File_5_TOP_24.mat;Data[0].ModelsData[0].Model1[0].Tower[0].SS;0.41231409402148134;0.45193239450454525;1.0915392626557803;-1.489902041852473;2.2889179587364135;1.1668165554395769;2000
Results_File_5_TOP_24.mat;Data[0].ModelsData[0].Model1[0].RotorSpeed;747.0132995092222;747.0421023640604;0.20616704559382898;746.122759852074;747.5173800264052;747.0133279590838;2000
Results_File_5_TOP_24.mat;Data[0].ModelsData[0].Model1[0].PitotVelocity;5.016613711773729;5.01688751578331;0.01242624922047507;4.977262910207115;5.060340777039529;5.016629101779986;2000
Results_File_5_TOP_24.mat;Data[0].ModelsData[0].Model1[0].Pitch[0].Blade1;0.3993149995803833;0.3993149995803833;0.0;0.3993149995803833;0.3993149995803833;0.3993149995803833;2000
Results_File_5_TOP_24.mat;Data[0].ModelsData[0].Model1[0].Pitch[0].Blade1Dem;0.4000000059604645;0.4000000059604645;0.0;0.4000000059604645;0.4000000059604645;0.40000000596046453;2000
Results_File_5_TOP_24.mat;Data[0].ModelsData[0].Model1[0].Pitch[0].Blade2;0.3991750180721283;0.3991750180721283;0.0;0.3991750180721283;0.3991750180721283;0.39917501807212835;2000
Results_File_5_TOP_24.mat;Data[0].ModelsData[0].Model1[0].Pitch[0].Blade2Dem;0.4000000059604645;0.4000000059604645;0.0;0.4000000059604645;0.4000000059604645;0.40000000596046453;2000
Results_File_5_TOP_24.mat;Data[0].ModelsData[0].Model1[0].Pitch[0].Blade3;0.39368000626564026;0.39368000626564026;0.0;0.39368000626564026;0.39368000626564026;0.3936800062656403;2000
Results_File_5_TOP_24.mat;Data[0].ModelsData[0].Model1[0].Pitch[0].Blade3Dem;0.4000000059604645;0.4000000059604645;0.0;0.4000000059604645;0.4000000059604645;0.40000000596046453;2000
Results_File_5_TOP_24.mat;Data[0].ModelsData[0].Model1[0].Yaw;0.26999998092651367;0.26999998092651367;0.0;0.26999998092651367;0.26999998092651367;0.26999998092651367;2000
Results_File_5_TOP_24.mat;Data[0].ModelsData[0].Model1[0].YawDem;0.0;0.0;0.0;0.0;0.0;0.0;2000
Results_File_5_TOP_24.mat;Data[0].ModelsData[0].Model1[0].PitotDirection;0.006195068359375;0.006195068359375;0.0;0.006195068359375;0.006195068359375;0.006195068359375;2000
Results_File_5_TOP_24.mat;Data[0].ModelsData[0].Model1[0].Hub[0].Yawing;38.476492457008455;32.8318080901948;891.5340705034868;-1335.654129028364;1456.052604675308;892.3639612514114;20000
Results_File_5_TOP_24.mat;Data[0].ModelsData[0].Model1[0].Hub[0].Nodding;2.3004002896308897;-14.926126480102392;842.09783869107;-1230.749755859375;1245.2198486328123;842.1009807437964;20000
Results_File_5_TOP_24.mat;Data[0].ModelsData[0].Model1[0].Hub[0].Torque;377.834495595091;377.8887096658051;2.3153517436749245;365.41428636879095;386.0163891922235;377.8415897109446;20000
Results_File_5_TOP_24.mat;Data[0].ModelsData[0].Model1[0].Azimuth;179.88709634301674;179.67305278777985;104.02574216186692;0.00550079345703125;359.98298931121826;207.7997171871247;20000
Results_File_5_TOP_24.mat;Data[0].ModelsData[0].Model1[0].PowerReference[0].Rel;100.0;100.0;0.0;100.0;100.0;100.0;1000
Results_File_5_TOP_24.mat;Data[0].ModelsData[0].Model1[0].PowerReference[0].Abs;46.0;46.0;0.0;46.0;46.0;46.0;1000
Results_File_5_TOP_24.mat;Data[0].ModelsData[0].Model1[0].AirDensity;1.1299999952316284;1.1299999952316284;0.0;1.1299999952316284;1.1299999952316284;1.1299999952316284;1000
Results_File_5_TOP_24.mat;Data[0].RecordingStart;nan;nan;nan;nan;nan;nan;1
Results_File_5_TOP_24.mat;Data[0].TN;nan;nan;nan;nan;nan;nan;1
Results_File_5_TOP_25.mat;Data[0].Time;3.9998;3.9998;2.3094010738717516;0.0;7.9996;4.618628948075392;20000
Results_File_5_TOP_25.mat;Data[0].ModelsData[0].Model1[0].Tower[0].FA;-7.021961646575233;-7.0297627262771325;0.9386099468466655;-8.437715053558355;-5.654732409864664;7.084414866331096;2000
Results_File_5_TOP_25.mat;Data[0].ModelsData[0].Model1[0].Tower[0].SS;-2.599412650414433;-2.5789938122033913;1.0981457755791646;-4.321504640579222;-0.8996412754058827;2.821855820476473;2000
Results_File_5_TOP_25.mat;Data[0].ModelsData[0].Model1[0].RotorSpeed;747.038789093838;747.0520184610916;0.17396521926333322;746.4693979667338;747.6422707283991;747.0388093497454;2000
Results_File_5_TOP_25.mat;Data[0].ModelsData[0].Model1[0].PitotVelocity;5.045573743906122;5.045838356018066;0.013384163911540537;4.993810914456844;5.094826817512514;5.045591495656226;2000
Results_File_5_TOP_25.mat;Data[0].ModelsData[0].Model1[0].Pitch[0].Blade1;0.3993149995803833;0.3993149995803833;0.0;0.3993149995803833;0.3993149995803833;0.3993149995803833;2000
Results_File_5_TOP_25.mat;Data[0].ModelsData[0].Model1[0].Pitch[0].Blade1Dem;0.4000000059604645;0.4000000059604645;0.0;0.4000000059604645;0.4000000059604645;0.40000000596046453;2000
Results_File_5_TOP_25.mat;Data[0].ModelsData[0].Model1[0].Pitch[0].Blade2;0.3991750180721283;0.3991750180721283;0.0;0.3991750180721283;0.3991750180721283;0.39917501807212835;2000
Results_File_5_TOP_25.mat;Data[0].ModelsData[0].Model1[0].Pitch[0].Blade2Dem;0.4000000059604645;0.4000000059604645;0.0;0.4000000059604645;0.4000000059604645;0.40000000596046453;2000
Results_File_5_TOP_25.mat;Data[0].ModelsData[0].Model1[0].Pitch[0].Blade3;0.39368000626564026;0.39368000626564026;0.0;0.39368000626564026;0.39368000626564026;0.3936800062656403;2000
Results_File_5_TOP_25.mat;Data[0].ModelsData[0].Model1[0].Pitch[0].Blade3Dem;0.4000000059604645;0.4000000059604645;0.0;0.4000000059604645;0.4000000059604645;0.40000000596046453;2000
Results_File_5_TOP_25.mat;Data[0].ModelsData[0].Model1[0].Yaw;30.45848932102372;30.457264974713326;0.015161893014784537;30.437997817993164;30.48299789428711;30.458493094733296;2000
Results_File_5_TOP_25.mat;Data[0].ModelsData[0].Model1[0].YawDem;30.0;30.0;0.0;30.0;30.0;30.0;2000
Results_File_5_TOP_25.mat;Data[0].ModelsData[0].Model1[0].PitotDirection;0.006195068359375;0.006195068359375;0.0;0.006195068359375;0.006195068359375;0.006195068359375;2000
Results_File_5_TOP_25.mat;Data[0].ModelsData[0].Model1[0].Hub[0].Yawing;62.48890409231193;1.408792495727053;918.30249647794;-1326.4398803710938;1538.5761566162264;920.4261720378637;20000
Results_File_5_TOP_25.mat;Data[0].ModelsData[0].Model1[0].Hub[0].Nodding;19.968039956474218;-150.71049308777603;850.1374032696353;-1096.838806152344;1347.1399536132824;850.3718757448073;20000
Results_File_5_TOP_25.mat;Data[0].ModelsData[0].Model1[0].Hub[0].Torque;253.40846534949634;253.42255430095466;3.6902616332889706;242.95131283463942;265.12286954040866;253.43533364886005;20000
Results_File_5_TOP_25.mat;Data[0].ModelsData[0].Model1[0].Azimuth;179.6365065498353;179.5853033065796;103.7613659907366;0.010000228883654927;359.9874978065491;207.45046531086072;20000
Results_File_5_TOP_25.mat;Data[0].ModelsData[0].Model1[0].PowerReference[0].Rel;100.0;100.0;0.0;100.0;100.0;100.0;1000
Results_File_5_TOP_25.mat;Data[0].ModelsData[0].Model1[0].PowerReference[0].Abs;46.0;46.0;0.0;46.0;46.0;46.0;1000
Results_File_5_TOP_25.mat;Data[0].ModelsData[0].Model1[0].AirDensity;1.1299999952316284;1.1299999952316284;0.0;1.1299999952316284;1.1299999952316284;1.1299999952316284;1000
Results_File_5_TOP_25.mat;Data[0].RecordingStart;nan;nan;nan;nan;nan;nan;1
Results_File_5_TOP_25.mat;Data[0].TN;nan;nan;nan;nan;nan;nan;1
Results_File_5_TOP_26.mat;Data[0].Time;3.9998;3.9998;2.3094010738717516;0.0;7.9996;4.618628948075392;20000
Results_File_5_TOP_26.mat;Data[0].ModelsData[0].Model1[0].Tower[0].FA;-6.791638890551652;-6.755371689796442;1.157089617883482;-8.686027050018318;-4.972967922687527;6.889500359493961;2000
Results_File_5_TOP_26.mat;Data[0].ModelsData[0].Model1[0].Tower[0].SS;3.0217574608891584;3.033142387866956;0.7934389686246913;1.7304527834057795;4.36913155019282;3.1241900629397543;2000
Results_File_5_TOP_26.mat;Data[0].ModelsData[0].Model1[0].RotorSpeed;787.9863896264843;787.9546737429679;0.17443757775887106;787.4789440852884;788.6163567557111;787.9864089342216;2000
Results_File_5_TOP_26.mat;Data[0].ModelsData[0].Model1[0].PitotVelocity;5.057636142961557;5.0571699142456055;0.012087344761773684;5.020994797348976;5.099481612443927;5.057650586833223;2000
Results_File_5_TOP_26.mat;Data[0].ModelsData[0].Model1[0].Pitch[0].Blade1;0.3993149995803833;0.3993149995803833;0.0;0.3993149995803833;0.3993149995803833;0.3993149995803833;2000
Results_File_5_TOP_26.mat;Data[0].ModelsData[0].Model1[0].Pitch[0].Blade1Dem;0.4000000059604645;0.4000000059604645;0.0;0.4000000059604645;0.4000000059604645;0.40000000596046453;2000
Results_File_5_TOP_26.mat;Data[0].ModelsData[0].Model1[0].Pitch[0].Blade2;0.3991750180721283;0.3991750180721283;0.0;0.3991750180721283;0.3991750180721283;0.39917501807212835;2000
Results_File_5_TOP_26.mat;Data[0].ModelsData[0].Model1[0].Pitch[0].Blade2Dem;0.4000000059604645;0.4000000059604645;0.0;0.4000000059604645;0.4000000059604645;0.40000000596046453;2000
Results_File_5_TOP_26.mat;Data[0].ModelsData[0].Model1[0].Pitch[0].Blade3;0.39368000626564026;0.39368000626564026;0.0;0.39368000626564026;0.39368000626564026;0.3936800062656403;2000
Results_File_5_TOP_26.mat;Data[0].ModelsData[0].Model1[0].Pitch[0].Blade3Dem;0.4000000059604645;0.4000000059604645;0.0;0.4000000059604645;0.4000000059604645;0.40000000596046453;2000
Results_File_5_TOP_26.mat;Data[0].ModelsData[0].Model1[0].Yaw;-29.520358876881005;-29.51999855041504;0.0017304202071736032;-29.52899932861328;-29.51999855041504;29.520358927597766;2000
Results_File_5_TOP_26.mat;Data[0].ModelsData[0].Model1[0].YawDem;-30.0;-30.0;0.0;-30.0;-30.0;30.0;2000
Results_File_5_TOP_26.mat;Data[0].ModelsData[0].Model1[0].PitotDirection;0.006195068359375;0.006195068359375;0.0;0.006195068359375;0.006195068359375;0.006195068359375;2000
Results_File_5_TOP_26.mat;Data[0].ModelsData[0].Model1[0].Hub[0].Yawing;97.32721921157834;110.06927108764472;884.7027178648578;-1298.236175537114;1502.4836349487487;890.0401601034218;20000
Results_File_5_TOP_26.mat;Data[0].ModelsData[0].Model1[0].Hub[0].Nodding;41.33609177751533;10.241718292275891;831.869676353301;-1185.103927612305;1306.1192512512234;832.8960504886458;20000
Results_File_5_TOP_26.mat;Data[0].ModelsData[0].Model1[0].Hub[0].Torque;214.77488925127815;214.65014533649997;3.9490154884019297;200.50717319632955;225.69939656865742;214.81119099392015;20000
Results_File_5_TOP_26.mat;Data[0].ModelsData[0].Model1[0].Azimuth;180.24028495777264;180.52074098587036;103.85842525953689;0.0032405853235104587;359.99087488651276;208.02195273347928;20000
Results_File_5_TOP_26.mat;Data[0].ModelsData[0].Model1[0].PowerReference[0].Rel;100.0;100.0;0.0;100.0;100.0;100.0;1000
Results_File_5_TOP_26.mat;Data[0].ModelsData[0].Model1[0].PowerReference[0].Abs;46.0;46.0;0.0;46.0;46.0;46.0;1000
Results_File_5_TOP_26.mat;Data[0].ModelsData[0].Model1[0].AirDensity;1.1299999952316284;1.1299999952316284;0.0;1.1299999952316284;1.1299999952316284;1.1299999952316284;1000
Results_File_5_TOP_26.mat;Data[0].RecordingStart;nan;nan;nan;nan;nan;nan;1
Results_File_5_TOP_26.mat;Data[0].TN;nan;nan;nan;nan;nan;nan;1
Results_File_5_TOP_27.mat;Data[0].Time;3.9998;3.9998;2.3094010738717516;0.0;7.9996;4.618628948075392;20000
Results_File_5_TOP_27.mat;Data[0].ModelsData[0].Model1[0].Tower[0].FA;-9.1926439574187;-9.14808817729352;0.8744105793324598;-10.652702920138836;-7.819967180490494;9.234137576899917;2000
Results_File_5_TOP_27.mat;Data[0].ModelsData[0].Model1[0].Tower[0].SS;0.3807516958127418;0.41106784343715663;0.8380510716281812;-1.1229794919490825;1.816610768437376;0.9204897894715733;2000
Results_File_5_TOP_27.mat;Data[0].ModelsData[0].Model1[0].RotorSpeed;787.9920074558634;787.965227744476;0.1571684177197524;787.5684917234589;788.7946153978359;787.9920231298239;2000
Results_File_5_TOP_27.mat;Data[0].ModelsData[0].Model1[0].PitotVelocity;5.011182699464014;5.010761737823486;0.012742144171146205;4.964683008193972;5.052046671509743;5.011198899429707;2000
Results_File_5_TOP_27.mat;Data[0].ModelsData[0].Model1[0].Pitch[0].Blade1;0.3993149995803833;0.3993149995803833;0.0;0.3993149995803833;0.3993149995803833;0.3993149995803833;2000
Results_File_5_TOP_27.mat;Data[0].ModelsData[0].Model1[0].Pitch[0].Blade1Dem;0.4000000059604645;0.4000000059604645;0.0;0.4000000059604645;0.4000000059604645;0.40000000596046453;2000
Results_File_5_TOP_27.mat;Data[0].ModelsData[0].Model1[0].Pitch[0].Blade2;0.3991750180721283;0.3991750180721283;0.0;0.3991750180721283;0.3991750180721283;0.39917501807212835;2000
Results_File_5_TOP_27.mat;Data[0].ModelsData[0].Model1[0].Pitch[0].Blade2Dem;0.4000000059604645;0.4000000059604645;0.0;0.4000000059604645;0.4000000059604645;0.40000000596046453;2000
Results_File_5_TOP_27.mat;Data[0].ModelsData[0].Model1[0].Pitch[0].Blade3;0.39368000626564026;0.39368000626564026;0.0;0.39368000626564026;0.39368000626564026;0.3936800062656403;2000
Results_File_5_TOP_27.mat;Data[0].ModelsData[0].Model1[0].Pitch[0].Blade3Dem;0.4000000059604645;0.4000000059604645;0.0;0.4000000059604645;0.4000000059604645;0.40000000596046453;2000
Results_File_5_TOP_27.mat;Data[0].ModelsData[0].Model1[0].Yaw;0.2765242614711946;0.2789999842643738;0.003954839131056344;0.26999998092651367;0.2789999842643738;0.27655254100214316;2000
Results_File_5_TOP_27.mat;Data[0].ModelsData[0].Model1[0].YawDem;0.0;0.0;0.0;0.0;0.0;0.0;2000
Results_File_5_TOP_27.mat;Data[0].ModelsData[0].Model1[0].PitotDirection;0.006195068359375;0.006195068359375;0.0;0.006195068359375;0.006195068359375;0.006195068359375;2000
Results_File_5_TOP_27.mat;Data[0].ModelsData[0].Model1[0].Hub[0].Yawing;50.05779970426576;44.00628280641826;899.0268631026486;-1307.2652282714844;1492.3497734069824;900.4193933336958;20000
Results_File_5_TOP_27.mat;Data[0].ModelsData[0].Model1[0].Hub[0].Nodding;15.993046811485337;3.592502594038388;826.6644474901948;-1200.1393966674812;1238.4390068054174;826.8191375933332;20000
Results_File_5_TOP_27.mat;Data[0].ModelsData[0].Model1[0].Hub[0].Torque;346.63213145699893;346.6262965444155;3.878664054817792;324.7213077360858;359.11566985046636;346.6538310667752;20000
Results_File_5_TOP_27.mat;Data[0].ModelsData[0].Model1[0].Azimuth;180.26422351660142;180.32274341583434;104.03790916268125;0.003249049186706543;359.9649953842163;208.1323540994661;20000
Results_File_5_TOP_27.mat;Data[0].ModelsData[0].Model1[0].PowerReference[0].Rel;100.0;100.0;0.0;100.0;100.0;100.0;1000
Results_File_5_TOP_27.mat;Data[0].ModelsData[0].Model1[0].PowerReference[0].Abs;46.0;46.0;0.0;46.0;46.0;46.0;1000
Results_File_5_TOP_27.mat;Data[0].ModelsData[0].Model1[0].AirDensity;1.1299999952316284;1.1299999952316284;0.0;1.1299999952316284;1.1299999952316284;1.1299999952316284;1000
Results_File_5_TOP_27.mat;Data[0].RecordingStart;nan;nan;nan;nan;nan;nan;1
Results_File_5_TOP_27.mat;Data[0].TN;nan;nan;nan;nan;nan;nan;1
Results_File_5_TOP_28.mat;Data[0].Time;3.9998;3.9998;2.3094010738717516;0.0;7.9996;4.618628948075392;20000
Results_File_5_TOP_28.mat;Data[0].ModelsData[0].Model1[0].Tower[0].FA;-7.102609303658207;-7.076053261136011;0.7137152979755351;-8.257774032652387;-6.057722669094801;7.138378558676783;2000
Results_File_5_TOP_28.mat;Data[0].ModelsData[0].Model1[0].Tower[0].SS;-2.6801256601677586;-2.653268432617185;0.8535623094842417;-4.160666055977369;-1.2569032748540143;2.812764151233042;2000
Results_File_5_TOP_28.mat;Data[0].ModelsData[0].Model1[0].RotorSpeed;788.0192605453625;788.0290964919379;0.1763879148237766;787.3979251194028;788.623682521237;788.0192802864383;2000
Results_File_5_TOP_28.mat;Data[0].ModelsData[0].Model1[0].PitotVelocity;5.045754568066821;5.045838356018066;0.012021216432945183;5.007705558091402;5.089194957415262;5.045768887970565;2000
Results_File_5_TOP_28.mat;Data[0].ModelsData[0].Model1[0].Pitch[0].Blade1;0.3993149995803833;0.3993149995803833;0.0;0.3993149995803833;0.3993149995803833;0.3993149995803833;2000
Results_File_5_TOP_28.mat;Data[0].ModelsData[0].Model1[0].Pitch[0].Blade1Dem;0.4000000059604645;0.4000000059604645;0.0;0.4000000059604645;0.4000000059604645;0.40000000596046453;2000
Results_File_5_TOP_28.mat;Data[0].ModelsData[0].Model1[0].Pitch[0].Blade2;0.3991750180721283;0.3991750180721283;0.0;0.3991750180721283;0.3991750180721283;0.39917501807212835;2000
Results_File_5_TOP_28.mat;Data[0].ModelsData[0].Model1[0].Pitch[0].Blade2Dem;0.4000000059604645;0.4000000059604645;0.0;0.4000000059604645;0.4000000059604645;0.40000000596046453;2000
Results_File_5_TOP_28.mat;Data[0].ModelsData[0].Model1[0].Pitch[0].Blade3;0.39368000626564026;0.39368000626564026;0.0;0.39368000626564026;0.39368000626564026;0.3936800062656403;2000
Results_File_5_TOP_28.mat;Data[0].ModelsData[0].Model1[0].Pitch[0].Blade3Dem;0.4000000059604645;0.4000000059604645;0.0;0.4000000059604645;0.4000000059604645;0.40000000596046453;2000
Results_File_5_TOP_28.mat;Data[0].ModelsData[0].Model1[0].Yaw;30.41669228306562;30.419344344735144;0.01632466977120606;30.39299774169922;30.437997817993164;30.41669666379876;2000
Results_File_5_TOP_28.mat;Data[0].ModelsData[0].Model1[0].YawDem;30.0;30.0;0.0;30.0;30.0;30.0;2000
Results_File_5_TOP_28.mat;Data[0].ModelsData[0].Model1[0].PitotDirection;0.006195068359375;0.006195068359375;0.0;0.006195068359375;0.006195068359375;0.006195068359375;2000
Results_File_5_TOP_28.mat;Data[0].ModelsData[0].Model1[0].Hub[0].Yawing;90.49595713996908;20.85907363888436;906.2893749882652;-1275.8067779541059;1528.475032806394;910.7963271090301;20000
Results_File_5_TOP_28.mat;Data[0].ModelsData[0].Model1[0].Hub[0].Nodding;33.72577504634844;-130.82158279417092;843.536470821102;-1104.9429550170917;1381.2080078125;844.210403577092;20000
Results_File_5_TOP_28.mat;Data[0].ModelsData[0].Model1[0].Hub[0].Torque;226.235675215956;226.2196531818944;4.153166566928363;211.7054278449592;285.2390525655414;226.27379329686454;20000
Results_File_5_TOP_28.mat;Data[0].ModelsData[0].Model1[0].Azimuth;179.97956322370183;179.7624874114972;103.88355147607577;0.0313718318939209;359.96274745464325;207.80865103618032;20000
Results_File_5_TOP_28.mat;Data[0].ModelsData[0].Model1[0].PowerReference[0].Rel;100.0;100.0;0.0;100.0;100.0;100.0;1000
Results_File_5_TOP_28.mat;Data[0].ModelsData[0].Model1[0].PowerReference[0].Abs;46.0;46.0;0.0;46.0;46.0;46.0;1000
Results_File_5_TOP_28.mat;Data[0].ModelsData[0].Model1[0].AirDensity;1.1299999952316284;1.1299999952316284;0.0;1.1299999952316284;1.1299999952316284;1.1299999952316284;1000
Results_File_5_TOP_28.mat;Data[0].RecordingStart;nan;nan;nan;nan;nan;nan;1
Results_File_5_TOP_28.mat;Data[0].TN;nan;nan;nan;nan;nan;nan;1
Results_File_5_TOP_29.mat;Data[0].Time;3.9998;3.9998;2.3094010738717516;0.0;7.9996;4.618628948075392;20000
Results_File_5_TOP_29.mat;Data[0].ModelsData[0].Model1[0].Tower[0].FA;-7.683699218361204;-7.577188611030463;2.7267625766237735;-11.688710838556272;-3.7317769825458478;8.153187586920867;2000
Results_File_5_TOP_29.mat;Data[0].ModelsData[0].Model1[0].Tower[0].SS;3.6001816833843794;3.6850781487301267;1.9164004824289413;0.4817611873149763;6.606611692905443;4.078467722372001;2000
Results_File_5_TOP_29.mat;Data[0].ModelsData[0].Model1[0].RotorSpeed;692.0303117503194;692.01214722656;0.2169443358646354;691.1697707248522;692.7246448032821;692.0303457552197;2000
Results_File_5_TOP_29.mat;Data[0].ModelsData[0].Model1[0].PitotVelocity;5.563650169380754;5.561346083879471;0.03018563575739303;5.489870406687261;5.65192839304606;5.5637320550019815;2000
Results_File_5_TOP_29.mat;Data[0].ModelsData[0].Model1[0].Pitch[0].Blade1;0.3993149995803833;0.3993149995803833;0.0;0.3993149995803833;0.3993149995803833;0.3993149995803833;2000
Results_File_5_TOP_29.mat;Data[0].ModelsData[0].Model1[0].Pitch[0].Blade1Dem;0.4000000059604645;0.4000000059604645;0.0;0.4000000059604645;0.4000000059604645;0.40000000596046453;2000
Results_File_5_TOP_29.mat;Data[0].ModelsData[0].Model1[0].Pitch[0].Blade2;0.3991750180721283;0.3991750180721283;0.0;0.3991750180721283;0.3991750180721283;0.39917501807212835;2000
Results_File_5_TOP_29.mat;Data[0].ModelsData[0].Model1[0].Pitch[0].Blade2Dem;0.4000000059604645;0.4000000059604645;0.0;0.4000000059604645;0.4000000059604645;0.40000000596046453;2000
Results_File_5_TOP_29.mat;Data[0].ModelsData[0].Model1[0].Pitch[0].Blade3;0.39368000626564026;0.39368000626564026;0.0;0.39368000626564026;0.39368000626564026;0.3936800062656403;2000
Results_File_5_TOP_29.mat;Data[0].ModelsData[0].Model1[0].Pitch[0].Blade3Dem;0.4000000059604645;0.4000000059604645;0.0;0.4000000059604645;0.4000000059604645;0.40000000596046453;2000
Results_File_5_TOP_29.mat;Data[0].ModelsData[0].Model1[0].Yaw;-28.718997955322266;-28.718997955322266;0.0;-28.718997955322266;-28.718997955322266;28.718997955322266;2000
Results_File_5_TOP_29.mat;Data[0].ModelsData[0].Model1[0].YawDem;-30.0;-30.0;0.0;-30.0;-30.0;30.0;2000
Results_File_5_TOP_29.mat;Data[0].ModelsData[0].Model1[0].PitotDirection;0.006195068359375;0.006195068359375;0.0;0.006195068359375;0.006195068359375;0.006195068359375;2000
Results_File_5_TOP_29.mat;Data[0].ModelsData[0].Model1[0].Hub[0].Yawing;10.433375812149047;0.738422393795237;801.9729444185947;-1239.7720336914163;1286.2847518921137;802.0408087561804;20000
Results_File_5_TOP_29.mat;Data[0].ModelsData[0].Model1[0].Hub[0].Nodding;-13.980303186607436;-44.92214202879082;787.2370268121897;-1174.3709640502902;1165.9758071899425;787.3611530049509;20000
Results_File_5_TOP_29.mat;Data[0].ModelsData[0].Model1[0].Hub[0].Torque;406.4333342534455;406.55824959876736;2.7759606920306807;398.0841868270684;415.18186513674726;406.44281412043273;20000
Results_File_5_TOP_29.mat;Data[0].ModelsData[0].Model1[0].Azimuth;180.02998859363208;180.0116794109358;103.90382259383128;0.02799677848815918;359.9920024871826;207.8624572707483;20000
Results_File_5_TOP_29.mat;Data[0].ModelsData[0].Model1[0].PowerReference[0].Rel;100.0;100.0;0.0;100.0;100.0;100.0;1000
Results_File_5_TOP_29.mat;Data[0].ModelsData[0].Model1[0].PowerReference[0].Abs;46.0;46.0;0.0;46.0;46.0;46.0;1000
Results_File_5_TOP_29.mat;Data[0].ModelsData[0].Model1[0].AirDensity;1.1299999952316284;1.1299999952316284;0.0;1.1299999952316284;1.1299999952316284;1.1299999952316284;1000
Results_File_5_TOP_29.mat;Data[0].RecordingStart;nan;nan;nan;nan;nan;nan;1
Results_File_5_TOP_29.mat;Data[0].TN;nan;nan;nan;nan;nan;nan;1
Results_File_5_TOP_3.mat;Data[0].Time;3.9998;3.9998;2.3094010738717516;0.0;7.9996;4.618628948075392;20000
Results_File_5_TOP_3.mat;Data[0].ModelsData[0].Model1[0].Tower[0].FA;-4.38688162710079;-4.289307437656847;1.8462940535760246;-7.212087154388422;-1.7175319810067349;4.75957268485992;2000
Results_File_5_TOP_3.mat;Data[0].ModelsData[0].Model1[0].Tower[0].SS;-1.502764945271756;-1.4636934091967562;1.9554757784727195;-4.459778639578037;1.3342817021954254;2.4662092370541293;2000
Results_File_5_TOP_3.mat;Data[0].ModelsData[0].Model1[0].RotorSpeed;708.9762690469391;708.9149630154385;1.5629870043216405;705.8037986134755;711.8344695976864;708.977991901084;2000
Results_File_5_TOP_3.mat;Data[0].ModelsData[0].Model1[0].PitotVelocity;4.044152849422107;4.0436988106418035;0.015652410659484157;3.991442650556567;4.0950356914151085;4.044183139701811;2000
Results_File_5_TOP_3.mat;Data[0].ModelsData[0].Model1[0].Pitch[0].Blade1;0.3993149995803833;0.3993149995803833;0.0;0.3993149995803833;0.3993149995803833;0.3993149995803833;2000
Results_File_5_TOP_3.mat;Data[0].ModelsData[0].Model1[0].Pitch[0].Blade1Dem;0.4000000059604645;0.4000000059604645;0.0;0.4000000059604645;0.4000000059604645;0.40000000596046453;2000
Results_File_5_TOP_3.mat;Data[0].ModelsData[0].Model1[0].Pitch[0].Blade2;0.3991750180721283;0.3991750180721283;0.0;0.3991750180721283;0.3991750180721283;0.39917501807212835;2000
Results_File_5_TOP_3.mat;Data[0].ModelsData[0].Model1[0].Pitch[0].Blade2Dem;0.4000000059604645;0.4000000059604645;0.0;0.4000000059604645;0.4000000059604645;0.40000000596046453;2000
Results_File_5_TOP_3.mat;Data[0].ModelsData[0].Model1[0].Pitch[0].Blade3;0.39368000626564026;0.39368000626564026;0.0;0.39368000626564026;0.39368000626564026;0.3936800062656403;2000
Results_File_5_TOP_3.mat;Data[0].ModelsData[0].Model1[0].Pitch[0].Blade3Dem;0.4000000059604645;0.4000000059604645;0.0;0.4000000059604645;0.4000000059604645;0.40000000596046453;2000
Results_File_5_TOP_3.mat;Data[0].ModelsData[0].Model1[0].Yaw;30.7673345088281;30.761999130249023;0.032605107542079674;30.725997924804688;30.815998077392578;30.767351785149824;2000
Results_File_5_TOP_3.mat;Data[0].ModelsData[0].Model1[0].YawDem;30.0;30.0;0.0;30.0;30.0;30.0;2000
Results_File_5_TOP_3.mat;Data[0].ModelsData[0].Model1[0].PitotDirection;0.006195068359375;0.006195068359375;0.0;0.006195068359375;0.006195068359375;0.006195068359375;2000
Results_File_5_TOP_3.mat;Data[0].ModelsData[0].Model1[0].Hub[0].Yawing;181.65477902866988;127.62768046062736;878.4735325795718;-1108.8375040690103;1585.238993326823;897.0586414425687;20000
Results_File_5_TOP_3.mat;Data[0].ModelsData[0].Model1[0].Hub[0].Nodding;1569.5110373530704;1561.9873657226576;125.4204224632129;1267.7391357421875;1890.58685302734;1574.5142675580817;20000
Results_File_5_TOP_3.mat;Data[0].ModelsData[0].Model1[0].Hub[0].Torque;71.86487990365971;71.65170539268595;13.862881317753459;39.81861262176796;152.1844427028827;73.18975640072559;20000
Results_File_5_TOP_3.mat;Data[0].ModelsData[0].Model1[0].Azimuth;179.72086564586974;179.47149403889898;103.96675497144291;0.003997802734375;359.98149728775024;207.6262885277122;20000
Results_File_5_TOP_3.mat;Data[0].ModelsData[0].Model1[0].PowerReference[0].Rel;100.0;100.0;0.0;100.0;100.0;100.0;1000
Results_File_5_TOP_3.mat;Data[0].ModelsData[0].Model1[0].PowerReference[0].Abs;46.0;46.0;0.0;46.0;46.0;46.0;1000
Results_File_5_TOP_3.mat;Data[0].ModelsData[0].Model1[0].AirDensity;1.1299999952316284;1.1299999952316284;0.0;1.1299999952316284;1.1299999952316284;1.1299999952316284;1000
Results_File_5_TOP_3.mat;Data[0].RecordingStart;nan;nan;nan;nan;nan;nan;1
Results_File_5_TOP_3.mat;Data[0].TN;nan;nan;nan;nan;nan;nan;1
Results_File_5_TOP_30.mat;Data[0].Time;3.9998;3.9998;2.3094010738717516;0.0;7.9996;4.618628948075392;20000
Results_File_5_TOP_30.mat;Data[0].ModelsData[0].Model1[0].Tower[0].FA;-9.9752807618844;-9.973364051431329;2.674095690137409;-14.06074522435667;-6.010224604606658;10.327488273458968;2000
Results_File_5_TOP_30.mat;Data[0].ModelsData[0].Model1[0].Tower[0].SS;0.5054300220141807;0.4955577433110083;2.035423988144647;-2.8073642551898965;3.8065003752708115;2.097238736688772;2000
Results_File_5_TOP_30.mat;Data[0].ModelsData[0].Model1[0].RotorSpeed;692.0300222187133;691.9980185922172;0.24587092685799383;691.2176229451234;692.8641539132645;692.0300658963782;2000
Results_File_5_TOP_30.mat;Data[0].ModelsData[0].Model1[0].PitotVelocity;5.5275473262052985;5.524191151062647;0.031034106757429212;5.457597624510526;5.604545394579567;5.52763444515116;2000
Results_File_5_TOP_30.mat;Data[0].ModelsData[0].Model1[0].Pitch[0].Blade1;0.3993149995803833;0.3993149995803833;0.0;0.3993149995803833;0.3993149995803833;0.3993149995803833;2000
Results_File_5_TOP_30.mat;Data[0].ModelsData[0].Model1[0].Pitch[0].Blade1Dem;0.4000000059604645;0.4000000059604645;0.0;0.4000000059604645;0.4000000059604645;0.40000000596046453;2000
Results_File_5_TOP_30.mat;Data[0].ModelsData[0].Model1[0].Pitch[0].Blade2;0.3991750180721283;0.3991750180721283;0.0;0.3991750180721283;0.3991750180721283;0.39917501807212835;2000
Results_File_5_TOP_30.mat;Data[0].ModelsData[0].Model1[0].Pitch[0].Blade2Dem;0.4000000059604645;0.4000000059604645;0.0;0.4000000059604645;0.4000000059604645;0.40000000596046453;2000
Results_File_5_TOP_30.mat;Data[0].ModelsData[0].Model1[0].Pitch[0].Blade3;0.39368000626564026;0.39368000626564026;0.0;0.39368000626564026;0.39368000626564026;0.3936800062656403;2000
Results_File_5_TOP_30.mat;Data[0].ModelsData[0].Model1[0].Pitch[0].Blade3Dem;0.4000000059604645;0.4000000059604645;0.0;0.4000000059604645;0.4000000059604645;0.40000000596046453;2000
Results_File_5_TOP_30.mat;Data[0].ModelsData[0].Model1[0].Yaw;1.0566540277960712;1.0529999732971191;0.004370859225534828;1.0529999732971191;1.0619999170303345;1.0566630678073448;2000
Results_File_5_TOP_30.mat;Data[0].ModelsData[0].Model1[0].YawDem;0.0;0.0;0.0;0.0;0.0;0.0;2000
Results_File_5_TOP_30.mat;Data[0].ModelsData[0].Model1[0].PitotDirection;0.006195068359375;0.006195068359375;0.0;0.006195068359375;0.006195068359375;0.006195068359375;2000
Results_File_5_TOP_30.mat;Data[0].ModelsData[0].Model1[0].Hub[0].Yawing;28.486940542411745;17.921783447250387;883.3207290580866;-1302.739303588859;1399.7744064331155;883.779959133028;20000
Results_File_5_TOP_30.mat;Data[0].ModelsData[0].Model1[0].Hub[0].Nodding;-33.57829033031466;-111.0074501037644;849.6612818115414;-1243.3894042968727;1242.0113372802734;850.3245235738756;20000
Results_File_5_TOP_30.mat;Data[0].ModelsData[0].Model1[0].Hub[0].Torque;568.4067447618329;568.3439961060783;2.983460041266419;558.698634000423;593.1210228595187;568.4145745180724;20000
Results_File_5_TOP_30.mat;Data[0].ModelsData[0].Model1[0].Azimuth;180.05929858374606;180.15061664581117;103.94374564361718;0.01900625229063735;359.99200153350466;207.90779991355686;20000
Results_File_5_TOP_30.mat;Data[0].ModelsData[0].Model1[0].PowerReference[0].Rel;100.0;100.0;0.0;100.0;100.0;100.0;1000
Results_File_5_TOP_30.mat;Data[0].ModelsData[0].Model1[0].PowerReference[0].Abs;46.0;46.0;0.0;46.0;46.0;46.0;1000
Results_File_5_TOP_30.mat;Data[0].ModelsData[0].Model1[0].AirDensity;1.1299999952316284;1.1299999952316284;0.0;1.1299999952316284;1.1299999952316284;1.1299999952316284;1000
Results_File_5_TOP_30.mat;Data[0].RecordingStart;nan;nan;nan;nan;nan;nan;1
Results_File_5_TOP_30.mat;Data[0].TN;nan;nan;nan;nan;nan;nan;1
Results_File_5_TOP_31.mat;Data[0].Time;3.9998;3.9998;2.3094010738717516;0.0;7.9996;4.618628948075392;20000
Results_File_5_TOP_31.mat;Data[0].ModelsData[0].Model1[0].Tower[0].FA;-7.901922045930351;-7.790587635710765;2.499939916150642;-11.573132610321043;-4.360286690294745;8.287947369784836;2000
Results_File_5_TOP_31.mat;Data[0].ModelsData[0].Model1[0].Tower[0].SS;-2.8369474796053025;-2.8044931553303742;1.7107058943075917;-5.637361444532891;-0.06526201963422586;3.3128214046123303;2000
Results_File_5_TOP_31.mat;Data[0].ModelsData[0].Model1[0].RotorSpeed;692.0002772661171;692.0169931875264;0.21642591931281566;691.2935627290126;692.6288167587071;692.0003111101624;2000
Results_File_5_TOP_31.mat;Data[0].ModelsData[0].Model1[0].PitotVelocity;5.5548193301585815;5.551671393215657;0.03088527836675702;5.48086404800415;5.628139484673739;5.55490519191131;2000
Results_File_5_TOP_31.mat;Data[0].ModelsData[0].Model1[0].Pitch[0].Blade1;0.3993149995803833;0.3993149995803833;0.0;0.3993149995803833;0.3993149995803833;0.3993149995803833;2000
Results_File_5_TOP_31.mat;Data[0].ModelsData[0].Model1[0].Pitch[0].Blade1Dem;0.4000000059604645;0.4000000059604645;0.0;0.4000000059604645;0.4000000059604645;0.40000000596046453;2000
Results_File_5_TOP_31.mat;Data[0].ModelsData[0].Model1[0].Pitch[0].Blade2;0.3991750180721283;0.3991750180721283;0.0;0.3991750180721283;0.3991750180721283;0.39917501807212835;2000
Results_File_5_TOP_31.mat;Data[0].ModelsData[0].Model1[0].Pitch[0].Blade2Dem;0.4000000059604645;0.4000000059604645;0.0;0.4000000059604645;0.4000000059604645;0.40000000596046453;2000
Results_File_5_TOP_31.mat;Data[0].ModelsData[0].Model1[0].Pitch[0].Blade3;0.39368000626564026;0.39368000626564026;0.0;0.39368000626564026;0.39368000626564026;0.3936800062656403;2000
Results_File_5_TOP_31.mat;Data[0].ModelsData[0].Model1[0].Pitch[0].Blade3Dem;0.4000000059604645;0.4000000059604645;0.0;0.4000000059604645;0.4000000059604645;0.40000000596046453;2000
Results_File_5_TOP_31.mat;Data[0].ModelsData[0].Model1[0].Yaw;30.48353812528551;30.48299789428711;0.007276925184789903;30.4739990234375;30.49199867248535;30.483538993846746;2000
Results_File_5_TOP_31.mat;Data[0].ModelsData[0].Model1[0].YawDem;30.0;30.0;0.0;30.0;30.0;30.0;2000
Results_File_5_TOP_31.mat;Data[0].ModelsData[0].Model1[0].PitotDirection;0.006195068359375;0.006195068359375;0.0;0.006195068359375;0.006195068359375;0.006195068359375;2000
Results_File_5_TOP_31.mat;Data[0].ModelsData[0].Model1[0].Hub[0].Yawing;9.813100592231864;-31.20233917237981;969.001404684625;-1420.9545135498042;1499.0102233886719;969.0510921638805;20000
Results_File_5_TOP_31.mat;Data[0].ModelsData[0].Model1[0].Hub[0].Nodding;-28.00103720645901;-197.16501235956554;905.6048039712026;-1230.6283264160147;1339.978157043457;906.0375925205079;20000
Results_File_5_TOP_31.mat;Data[0].ModelsData[0].Model1[0].Hub[0].Torque;409.43427726560134;409.47780906729355;2.600183500911046;399.81477974732763;416.67498180653365;409.44253364085625;20000
Results_File_5_TOP_31.mat;Data[0].ModelsData[0].Model1[0].Azimuth;180.02814484095586;179.98242354393005;103.94126044107152;0.016754627227783203;359.9784960746765;207.879577055936;20000
Results_File_5_TOP_31.mat;Data[0].ModelsData[0].Model1[0].PowerReference[0].Rel;100.0;100.0;0.0;100.0;100.0;100.0;1000
Results_File_5_TOP_31.mat;Data[0].ModelsData[0].Model1[0].PowerReference[0].Abs;46.0;46.0;0.0;46.0;46.0;46.0;1000
Results_File_5_TOP_31.mat;Data[0].ModelsData[0].Model1[0].AirDensity;1.1299999952316284;1.1299999952316284;0.0;1.1299999952316284;1.1299999952316284;1.1299999952316284;1000
Results_File_5_TOP_31.mat;Data[0].RecordingStart;nan;nan;nan;nan;nan;nan;1
Results_File_5_TOP_31.mat;Data[0].TN;nan;nan;nan;nan;nan;nan;1
Results_File_5_TOP_5.mat;Data[0].Time;3.9998;3.9998;2.3094010738717516;0.0;7.9996;4.618628948075392;20000
Results_File_5_TOP_5.mat;Data[0].ModelsData[0].Model1[0].Tower[0].FA;-4.173479599959608;-4.146267246815492;1.6311417826483676;-6.684210815737316;-1.7376714598747984;4.480910118087652;2000
Results_File_5_TOP_5.mat;Data[0].ModelsData[0].Model1[0].Tower[0].SS;1.4760004448019746;1.4885737422492782;1.1169715727445602;-0.23150675142964983;3.2314046025276344;1.8510004882157873;2000
Results_File_5_TOP_5.mat;Data[0].ModelsData[0].Model1[0].RotorSpeed;749.025538624896;749.0176762308135;0.250708573195403;748.2217446900826;749.7319730370524;749.0255805826021;2000
Results_File_5_TOP_5.mat;Data[0].ModelsData[0].Model1[0].PitotVelocity;4.03779495522494;4.037927959114313;0.0153041615489383;3.9765109252184616;4.085190296173096;4.037823958247895;2000
Results_File_5_TOP_5.mat;Data[0].ModelsData[0].Model1[0].Pitch[0].Blade1;0.3993149995803833;0.3993149995803833;0.0;0.3993149995803833;0.3993149995803833;0.3993149995803833;2000
Results_File_5_TOP_5.mat;Data[0].ModelsData[0].Model1[0].Pitch[0].Blade1Dem;0.4000000059604645;0.4000000059604645;0.0;0.4000000059604645;0.4000000059604645;0.40000000596046453;2000
Results_File_5_TOP_5.mat;Data[0].ModelsData[0].Model1[0].Pitch[0].Blade2;0.3991750180721283;0.3991750180721283;0.0;0.3991750180721283;0.3991750180721283;0.39917501807212835;2000
Results_File_5_TOP_5.mat;Data[0].ModelsData[0].Model1[0].Pitch[0].Blade2Dem;0.4000000059604645;0.4000000059604645;0.0;0.4000000059604645;0.4000000059604645;0.40000000596046453;2000
Results_File_5_TOP_5.mat;Data[0].ModelsData[0].Model1[0].Pitch[0].Blade3;0.39368000626564026;0.39368000626564026;0.0;0.39368000626564026;0.39368000626564026;0.3936800062656403;2000
Results_File_5_TOP_5.mat;Data[0].ModelsData[0].Model1[0].Pitch[0].Blade3Dem;0.4000000059604645;0.4000000059604645;0.0;0.4000000059604645;0.4000000059604645;0.40000000596046453;2000
Results_File_5_TOP_5.mat;Data[0].ModelsData[0].Model1[0].Yaw;-29.489425833379553;-29.492998123168945;0.0043563479633868425;-29.492998123168945;-29.483999252319336;29.489426155151964;2000
Results_File_5_TOP_5.mat;Data[0].ModelsData[0].Model1[0].YawDem;-30.0;-30.0;0.0;-30.0;-30.0;30.0;2000
Results_File_5_TOP_5.mat;Data[0].ModelsData[0].Model1[0].PitotDirection;0.006195068359375;0.006195068359375;0.0;0.006195068359375;0.006195068359375;0.006195068359375;2000
Results_File_5_TOP_5.mat;Data[0].ModelsData[0].Model1[0].Hub[0].Yawing;208.21908196681343;227.53476460773334;899.9218060720543;-1145.841552734385;1548.1395568847656;923.6960772565241;20000
Results_File_5_TOP_5.mat;Data[0].ModelsData[0].Model1[0].Hub[0].Nodding;1055.9127081083616;1063.9726715087882;159.27256907905743;594.5370559692385;1440.6205647786458;1067.8573867355965;20000
Results_File_5_TOP_5.mat;Data[0].ModelsData[0].Model1[0].Hub[0].Torque;42.81628802569299;42.77188652868527;3.668774014261422;31.585036182218868;55.6563464853765;42.97318260341931;20000
Results_File_5_TOP_5.mat;Data[0].ModelsData[0].Model1[0].Azimuth;180.08099467509197;180.42324574788472;103.99673120770956;0.003992716472566826;359.9800033569336;207.95308303811964;20000
Results_File_5_TOP_5.mat;Data[0].ModelsData[0].Model1[0].PowerReference[0].Rel;100.0;100.0;0.0;100.0;100.0;100.0;1000
Results_File_5_TOP_5.mat;Data[0].ModelsData[0].Model1[0].PowerReference[0].Abs;46.0;46.0;0.0;46.0;46.0;46.0;1000
Results_File_5_TOP_5.mat;Data[0].ModelsData[0].Model1[0].AirDensity;1.1299999952316284;1.1299999952316284;0.0;1.1299999952316284;1.1299999952316284;1.1299999952316284;1000
Results_File_5_TOP_5.mat;Data[0].RecordingStart;nan;nan;nan;nan;nan;nan;1
Results_File_5_TOP_5.mat;Data[0].TN;nan;nan;nan;nan;nan;nan;1
Results_File_5_TOP_6.mat;Data[0].Time;3.9998;3.9998;2.3094010738717516;0.0;7.9996;4.618628948075392;20000
Results_File_5_TOP_6.mat;Data[0].ModelsData[0].Model1[0].Tower[0].FA;-5.938258474523225;-5.891723690554503;1.4110391403820417;-8.130231107434955;-3.842055082321141;6.103600999896455;2000
Results_File_5_TOP_6.mat;Data[0].ModelsData[0].Model1[0].Tower[0].SS;0.14073210532914032;0.1653160491297367;1.098883876220063;-1.626335028679153;1.8589365520784964;1.1078588804025553;2000
Results_File_5_TOP_6.mat;Data[0].ModelsData[0].Model1[0].RotorSpeed;748.9617135677287;748.9645385582746;0.2711486036878421;747.9532567227535;749.7370529138639;748.9617626500525;2000
Results_File_5_TOP_6.mat;Data[0].ModelsData[0].Model1[0].PitotVelocity;4.01180656268387;4.011704254114339;0.015156230259030743;3.959911383688447;4.058287239843802;4.011835191992441;2000
Results_File_5_TOP_6.mat;Data[0].ModelsData[0].Model1[0].Pitch[0].Blade1;0.3993149995803833;0.3993149995803833;0.0;0.3993149995803833;0.3993149995803833;0.3993149995803833;2000
Results_File_5_TOP_6.mat;Data[0].ModelsData[0].Model1[0].Pitch[0].Blade1Dem;0.4000000059604645;0.4000000059604645;0.0;0.4000000059604645;0.4000000059604645;0.40000000596046453;2000
Results_File_5_TOP_6.mat;Data[0].ModelsData[0].Model1[0].Pitch[0].Blade2;0.3991750180721283;0.3991750180721283;0.0;0.3991750180721283;0.3991750180721283;0.39917501807212835;2000
Results_File_5_TOP_6.mat;Data[0].ModelsData[0].Model1[0].Pitch[0].Blade2Dem;0.4000000059604645;0.4000000059604645;0.0;0.4000000059604645;0.4000000059604645;0.40000000596046453;2000
Results_File_5_TOP_6.mat;Data[0].ModelsData[0].Model1[0].Pitch[0].Blade3;0.39368000626564026;0.39368000626564026;0.0;0.39368000626564026;0.39368000626564026;0.3936800062656403;2000
Results_File_5_TOP_6.mat;Data[0].ModelsData[0].Model1[0].Pitch[0].Blade3Dem;0.4000000059604645;0.4000000059604645;0.0;0.4000000059604645;0.4000000059604645;0.40000000596046453;2000
Results_File_5_TOP_6.mat;Data[0].ModelsData[0].Model1[0].Yaw;0.2907982378839815;0.2879999876022339;0.004115746069258635;0.2879999876022339;0.296999990940094;0.29082736205889453;2000
Results_File_5_TOP_6.mat;Data[0].ModelsData[0].Model1[0].YawDem;0.0;0.0;0.0;0.0;0.0;0.0;2000
Results_File_5_TOP_6.mat;Data[0].ModelsData[0].Model1[0].PitotDirection;0.006195068359375;0.006195068359375;0.0;0.006195068359375;0.006195068359375;0.006195068359375;2000
Results_File_5_TOP_6.mat;Data[0].ModelsData[0].Model1[0].Hub[0].Yawing;167.6120668462117;150.86395963026297;893.378146414773;-1202.5096944173092;1549.298578898113;908.9655204923641;20000
Results_File_5_TOP_6.mat;Data[0].ModelsData[0].Model1[0].Hub[0].Nodding;1028.9266251063664;1017.6678415934293;167.24452325708012;653.4854888916014;1461.8050079345708;1042.4302040963055;20000
Results_File_5_TOP_6.mat;Data[0].ModelsData[0].Model1[0].Hub[0].Torque;126.0305147020651;126.0070986568159;3.1401579631601377;105.06681893932502;134.93214082615526;126.06962849196091;20000
Results_File_5_TOP_6.mat;Data[0].ModelsData[0].Model1[0].Azimuth;180.24250680579152;180.33999061584655;103.89236966439826;0.054996490478515625;359.9920024871835;208.04082708478109;20000
Results_File_5_TOP_6.mat;Data[0].ModelsData[0].Model1[0].PowerReference[0].Rel;100.0;100.0;0.0;100.0;100.0;100.0;1000
Results_File_5_TOP_6.mat;Data[0].ModelsData[0].Model1[0].PowerReference[0].Abs;46.0;46.0;0.0;46.0;46.0;46.0;1000
Results_File_5_TOP_6.mat;Data[0].ModelsData[0].Model1[0].AirDensity;1.1299999952316284;1.1299999952316284;0.0;1.1299999952316284;1.1299999952316284;1.1299999952316284;1000
Results_File_5_TOP_6.mat;Data[0].RecordingStart;nan;nan;nan;nan;nan;nan;1
Results_File_5_TOP_6.mat;Data[0].TN;nan;nan;nan;nan;nan;nan;1
Results_File_5_TOP_7.mat;Data[0].Time;3.9998;3.9998;2.3094010738717516;0.0;7.9996;4.618628948075392;20000
Results_File_5_TOP_7.mat;Data[0].ModelsData[0].Model1[0].Tower[0].FA;-4.367577578794816;-4.2910613071534165;1.055804827368846;-6.096191071694893;-2.7828298768689548;4.493379322991388;2000
Results_File_5_TOP_7.mat;Data[0].ModelsData[0].Model1[0].Tower[0].SS;-1.4971672394322657;-1.4772340676957378;1.2629862824572837;-3.4830475699517134;0.46332220360638365;1.9587353298760148;2000
Results_File_5_TOP_7.mat;Data[0].ModelsData[0].Model1[0].RotorSpeed;749.0145673588075;749.0181620260312;0.2453585269739352;748.0049882791081;749.841497942497;749.0146075454793;2000
Results_File_5_TOP_7.mat;Data[0].ModelsData[0].Model1[0].PitotVelocity;4.037056887558145;4.037538051605225;0.015209453197421494;3.981117286989766;4.083765875908635;4.037085537965132;2000
Results_File_5_TOP_7.mat;Data[0].ModelsData[0].Model1[0].Pitch[0].Blade1;0.3993149995803833;0.3993149995803833;0.0;0.3993149995803833;0.3993149995803833;0.3993149995803833;2000
Results_File_5_TOP_7.mat;Data[0].ModelsData[0].Model1[0].Pitch[0].Blade1Dem;0.4000000059604645;0.4000000059604645;0.0;0.4000000059604645;0.4000000059604645;0.40000000596046453;2000
Results_File_5_TOP_7.mat;Data[0].ModelsData[0].Model1[0].Pitch[0].Blade2;0.3991750180721283;0.3991750180721283;0.0;0.3991750180721283;0.3991750180721283;0.39917501807212835;2000
Results_File_5_TOP_7.mat;Data[0].ModelsData[0].Model1[0].Pitch[0].Blade2Dem;0.4000000059604645;0.4000000059604645;0.0;0.4000000059604645;0.4000000059604645;0.40000000596046453;2000
Results_File_5_TOP_7.mat;Data[0].ModelsData[0].Model1[0].Pitch[0].Blade3;0.39368000626564026;0.39368000626564026;0.0;0.39368000626564026;0.39368000626564026;0.3936800062656403;2000
Results_File_5_TOP_7.mat;Data[0].ModelsData[0].Model1[0].Pitch[0].Blade3Dem;0.4000000059604645;0.4000000059604645;0.0;0.4000000059604645;0.4000000059604645;0.40000000596046453;2000
Results_File_5_TOP_7.mat;Data[0].ModelsData[0].Model1[0].Yaw;30.519220987848698;30.518999099731445;0.025712103559959325;30.48299789428711;30.55499839782715;30.519231818927125;2000
Results_File_5_TOP_7.mat;Data[0].ModelsData[0].Model1[0].YawDem;30.0;30.0;0.0;30.0;30.0;30.0;2000
Results_File_5_TOP_7.mat;Data[0].ModelsData[0].Model1[0].PitotDirection;0.006195068359375;0.006195068359375;0.0;0.006195068359375;0.006195068359375;0.006195068359375;2000
Results_File_5_TOP_7.mat;Data[0].ModelsData[0].Model1[0].Hub[0].Yawing;195.6462802882831;127.87953186033741;877.5583061937712;-1079.9864501953248;1589.6628824869792;899.102912774907;20000
Results_File_5_TOP_7.mat;Data[0].ModelsData[0].Model1[0].Hub[0].Nodding;1014.6620902316412;1011.8472824096677;181.63657897677297;565.2459259033209;1420.5062332153323;1030.7914455289338;20000
Results_File_5_TOP_7.mat;Data[0].ModelsData[0].Model1[0].Hub[0].Torque;50.253987668483205;50.36702138158161;3.1735627953961774;37.80705789078638;60.883118279023215;50.35409394875837;20000
Results_File_5_TOP_7.mat;Data[0].ModelsData[0].Model1[0].Azimuth;180.006697290206;179.80523999532124;103.99819321953646;0.00550079345703125;359.9739990234375;207.88947847896466;20000
Results_File_5_TOP_7.mat;Data[0].ModelsData[0].Model1[0].PowerReference[0].Rel;100.0;100.0;0.0;100.0;100.0;100.0;1000
Results_File_5_TOP_7.mat;Data[0].ModelsData[0].Model1[0].PowerReference[0].Abs;46.0;46.0;0.0;46.0;46.0;46.0;1000
Results_File_5_TOP_7.mat;Data[0].ModelsData[0].Model1[0].AirDensity;1.1299999952316284;1.1299999952316284;0.0;1.1299999952316284;1.1299999952316284;1.1299999952316284;1000
Results_File_5_TOP_7.mat;Data[0].RecordingStart;nan;nan;nan;nan;nan;nan;1
Results_File_5_TOP_7.mat;Data[0].TN;nan;nan;nan;nan;nan;nan;1
Results_File_5_TOP_8.mat;Data[0].Time;3.9998;3.9998;2.3094010738717516;0.0;7.9996;4.618628948075392;20000
Results_File_5_TOP_8.mat;Data[0].ModelsData[0].Model1[0].Tower[0].FA;-4.1626807266709305;-4.114043426129188;1.2441736345823264;-6.122405529022208;-2.254421025514616;4.344637944085493;2000
Results_File_5_TOP_8.mat;Data[0].ModelsData[0].Model1[0].Tower[0].SS;1.4469783733199015;1.4629354749715846;0.9190542584054747;-0.13751255312274777;3.03141825646164;1.7141782704108535;2000
Results_File_5_TOP_8.mat;Data[0].ModelsData[0].Model1[0].RotorSpeed;783.0118712533468;783.0018332433733;0.21580123826983624;782.2955601363414;783.7054065312132;783.0119009911932;2000
Results_File_5_TOP_8.mat;Data[0].ModelsData[0].Model1[0].PitotVelocity;4.050242193679355;4.050202150678922;0.014833326293508425;4.0049638524651545;4.096780039370064;4.050269355861346;2000
Results_File_5_TOP_8.mat;Data[0].ModelsData[0].Model1[0].Pitch[0].Blade1;0.3993149995803833;0.3993149995803833;0.0;0.3993149995803833;0.3993149995803833;0.3993149995803833;2000
Results_File_5_TOP_8.mat;Data[0].ModelsData[0].Model1[0].Pitch[0].Blade1Dem;0.4000000059604645;0.4000000059604645;0.0;0.4000000059604645;0.4000000059604645;0.40000000596046453;2000
Results_File_5_TOP_8.mat;Data[0].ModelsData[0].Model1[0].Pitch[0].Blade2;0.3991750180721283;0.3991750180721283;0.0;0.3991750180721283;0.3991750180721283;0.39917501807212835;2000
Results_File_5_TOP_8.mat;Data[0].ModelsData[0].Model1[0].Pitch[0].Blade2Dem;0.4000000059604645;0.4000000059604645;0.0;0.4000000059604645;0.4000000059604645;0.40000000596046453;2000
Results_File_5_TOP_8.mat;Data[0].ModelsData[0].Model1[0].Pitch[0].Blade3;0.39368000626564026;0.39368000626564026;0.0;0.39368000626564026;0.39368000626564026;0.3936800062656403;2000
Results_File_5_TOP_8.mat;Data[0].ModelsData[0].Model1[0].Pitch[0].Blade3Dem;0.4000000059604645;0.4000000059604645;0.0;0.4000000059604645;0.4000000059604645;0.40000000596046453;2000
Results_File_5_TOP_8.mat;Data[0].ModelsData[0].Model1[0].Yaw;-29.825935378812492;-29.825998306274414;0.0007437854267715096;-29.825998306274414;-29.816999435424805;29.825935388086585;2000
Results_File_5_TOP_8.mat;Data[0].ModelsData[0].Model1[0].YawDem;-30.0;-30.0;0.0;-30.0;-30.0;30.0;2000
Results_File_5_TOP_8.mat;Data[0].ModelsData[0].Model1[0].PitotDirection;0.006195068359375;0.006195068359375;0.0;0.006195068359375;0.006195068359375;0.006195068359375;2000
Results_File_5_TOP_8.mat;Data[0].ModelsData[0].Model1[0].Hub[0].Yawing;227.4230323660533;258.3509674072404;902.8117049402232;-1169.9752197265625;1581.4178975423188;931.0156874229583;20000
Results_File_5_TOP_8.mat;Data[0].ModelsData[0].Model1[0].Hub[0].Nodding;1015.1287114240328;934.2015660603853;344.56498920778506;420.99824523925525;1884.2878926595054;1072.0127483128074;20000
Results_File_5_TOP_8.mat;Data[0].ModelsData[0].Model1[0].Hub[0].Torque;24.372026301565477;24.48368482022952;3.659539998725763;11.43960046734439;35.57685072220808;24.645240900556704;20000
Results_File_5_TOP_8.mat;Data[0].ModelsData[0].Model1[0].Azimuth;180.26490007863856;180.4322373072323;104.0723708429473;0.012997945148526924;359.99200439453307;208.15016832381733;20000
Results_File_5_TOP_8.mat;Data[0].ModelsData[0].Model1[0].PowerReference[0].Rel;100.0;100.0;0.0;100.0;100.0;100.0;1000
Results_File_5_TOP_8.mat;Data[0].ModelsData[0].Model1[0].PowerReference[0].Abs;46.0;46.0;0.0;46.0;46.0;46.0;1000
Results_File_5_TOP_8.mat;Data[0].ModelsData[0].Model1[0].AirDensity;1.1299999952316284;1.1299999952316284;0.0;1.1299999952316284;1.1299999952316284;1.1299999952316284;1000
Results_File_5_TOP_8.mat;Data[0].RecordingStart;nan;nan;nan;nan;nan;nan;1
Results_File_5_TOP_8.mat;Data[0].TN;nan;nan;nan;nan;nan;nan;1
Results_File_5_TOP_9.mat;Data[0].Time;3.9998;3.9998;2.3094010738717516;0.0;7.9996;4.618628948075392;20000
Results_File_5_TOP_9.mat;Data[0].ModelsData[0].Model1[0].Tower[0].FA;-5.941841763800811;-5.875720119764736;1.1176076381181819;-7.731411930053484;-4.167142868041992;6.046034268744069;2000
Results_File_5_TOP_9.mat;Data[0].ModelsData[0].Model1[0].Tower[0].SS;0.12007764033656801;0.13490876843854335;0.881141496778505;-1.4040753878653036;1.6255873018695386;0.8892856554863922;2000
Results_File_5_TOP_9.mat;Data[0].ModelsData[0].Model1[0].RotorSpeed;783.0118134146769;783.0022527465308;0.1935088459948721;782.4120860102535;783.7228753528767;783.0118373259847;2000
Results_File_5_TOP_9.mat;Data[0].ModelsData[0].Model1[0].PitotVelocity;4.013182784627172;4.013652948422298;0.01561393396088624;3.956484902650119;4.062656525642643;4.0132131587746045;2000
Results_File_5_TOP_9.mat;Data[0].ModelsData[0].Model1[0].Pitch[0].Blade1;0.3993149995803833;0.3993149995803833;0.0;0.3993149995803833;0.3993149995803833;0.3993149995803833;2000
Results_File_5_TOP_9.mat;Data[0].ModelsData[0].Model1[0].Pitch[0].Blade1Dem;0.4000000059604645;0.4000000059604645;0.0;0.4000000059604645;0.4000000059604645;0.40000000596046453;2000
Results_File_5_TOP_9.mat;Data[0].ModelsData[0].Model1[0].Pitch[0].Blade2;0.3991750180721283;0.3991750180721283;0.0;0.3991750180721283;0.3991750180721283;0.39917501807212835;2000
Results_File_5_TOP_9.mat;Data[0].ModelsData[0].Model1[0].Pitch[0].Blade2Dem;0.4000000059604645;0.4000000059604645;0.0;0.4000000059604645;0.4000000059604645;0.40000000596046453;2000
Results_File_5_TOP_9.mat;Data[0].ModelsData[0].Model1[0].Pitch[0].Blade3;0.39368000626564026;0.39368000626564026;0.0;0.39368000626564026;0.39368000626564026;0.3936800062656403;2000
Results_File_5_TOP_9.mat;Data[0].ModelsData[0].Model1[0].Pitch[0].Blade3Dem;0.4000000059604645;0.4000000059604645;0.0;0.4000000059604645;0.4000000059604645;0.40000000596046453;2000
Results_File_5_TOP_9.mat;Data[0].ModelsData[0].Model1[0].Yaw;0.2802194605230965;0.2789999842643738;0.006712227536144324;0.26999998092651367;0.2879999876022339;0.28029983955463156;2000
Results_File_5_TOP_9.mat;Data[0].ModelsData[0].Model1[0].YawDem;0.0;0.0;0.0;0.0;0.0;0.0;2000
Results_File_5_TOP_9.mat;Data[0].ModelsData[0].Model1[0].PitotDirection;0.006195068359375;0.006195068359375;0.0;0.006195068359375;0.006195068359375;0.006195068359375;2000
Results_File_5_TOP_9.mat;Data[0].ModelsData[0].Model1[0].Hub[0].Yawing;186.79684399709706;182.55064392092012;895.0861072239662;-1171.2747192382856;1576.0668792724607;914.3698377968453;20000
Results_File_5_TOP_9.mat;Data[0].ModelsData[0].Model1[0].Hub[0].Nodding;914.662170950063;928.9349263509155;210.291375380707;268.34682846069313;1381.9815266927083;938.5250926462179;20000
Results_File_5_TOP_9.mat;Data[0].ModelsData[0].Model1[0].Hub[0].Torque;105.0910017347602;105.05669220265793;4.250550585589188;92.8587046494858;131.698529437418;105.1769262999068;20000
Results_File_5_TOP_9.mat;Data[0].ModelsData[0].Model1[0].Azimuth;180.37749941486132;180.77348899841127;103.8220385534227;0.01675283908843994;359.9964933395422;208.12269934955842;20000
Results_File_5_TOP_9.mat;Data[0].ModelsData[0].Model1[0].PowerReference[0].Rel;100.0;100.0;0.0;100.0;100.0;100.0;1000
Results_File_5_TOP_9.mat;Data[0].ModelsData[0].Model1[0].PowerReference[0].Abs;46.0;46.0;0.0;46.0;46.0;46.0;1000
Results_File_5_TOP_9.mat;Data[0].ModelsData[0].Model1[0].AirDensity;1.1299999952316284;1.1299999952316284;0.0;1.1299999952316284;1.1299999952316284;1.1299999952316284;1000
Results_File_5_TOP_9.mat;Data[0].RecordingStart;nan;nan;nan;nan;nan;nan;1
Results_File_5_TOP_9.mat;Data[0].TN;nan;nan;nan;nan;nan;nan;1
